<?xml version="1.0" encoding="UTF-8"?>
<sltp_editor version="1.1" packageUris="http://schema.mathworks.com/mf0/DiagramEditor/R2019a_20181107 http://schema.mathworks.com/mf0/SltpSyntax/R2023a_202207220222">
  <diagram.editor.model.Diagram type="diagram.editor.model.Diagram" uuid="b02f03e3-593a-4165-b1ad-e0e0adc7b749">
    <entities type="diagram.editor.model.Entity" uuid="4d49c504-5b68-4288-b1c6-682160cae71e">
      <position>0,0</position>
      <size>0,0,0,0</size>
      <syntaxElement type="sltp.mm.syntax.Node" uuid="41e7fa2a-d9f9-49a6-bd61-8d8982891cd4"/>
      <title>Cont</title>
      <type>base</type>
      <subDiagram type="diagram.editor.model.Diagram" uuid="2ac1c731-b221-473f-a8ee-83d9f296596a">
        <position>0,0</position>
        <syntaxElement type="sltp.mm.syntax.Graph" uuid="a3804432-08db-4e22-8d33-5eec541c2afb"/>
        <title>Cont</title>
        <type>graph.Graph</type>
      </subDiagram>
    </entities>
    <syntaxElement type="sltp.mm.syntax.Graph" uuid="5791c03e-dc91-4bf4-a6b0-c990a94ad47d"/>
    <title>Default</title>
    <type>graph.Graph</type>
  </diagram.editor.model.Diagram>
  <sltp.mm.syntax.Context type="sltp.mm.syntax.Context" uuid="c0a88472-60e6-461e-a0a7-9671b85c1f8b">
    <rootGraph type="sltp.mm.syntax.Graph" uuid="5791c03e-dc91-4bf4-a6b0-c990a94ad47d">
      <children type="sltp.mm.syntax.Node" uuid="41e7fa2a-d9f9-49a6-bd61-8d8982891cd4">
        <priority>40</priority>
        <rates type="sltp.mm.syntax.RateData">
          <color>#000000</color>
          <hasBlocks>true</hasBlocks>
          <rate>0</rate>
          <title>Cont</title>
        </rates>
        <title>Cont</title>
        <type>base</type>
        <diagramElement type="diagram.editor.model.Entity" uuid="4d49c504-5b68-4288-b1c6-682160cae71e"/>
        <subgraph type="sltp.mm.syntax.Graph" uuid="a3804432-08db-4e22-8d33-5eec541c2afb">
          <title>Cont</title>
          <diagramElement type="diagram.editor.model.Diagram" uuid="2ac1c731-b221-473f-a8ee-83d9f296596a"/>
        </subgraph>
      </children>
      <title>Default</title>
      <diagramElement type="diagram.editor.model.Diagram" uuid="b02f03e3-593a-4165-b1ad-e0e0adc7b749"/>
    </rootGraph>
  </sltp.mm.syntax.Context>
</sltp_editor>