<?xml version="1.0" encoding="UTF-8"?>
<sltp_graph version="1.1" packageUris="http://schema.mathworks.com/mf0/sltp_mm/R2023a_202209151115">
  <sltp.mm.core.Context type="sltp.mm.core.Context" uuid="f8805a35-3c4e-4c69-b2b0-55bcc535b028">
    <priorityDirection>HighNumberLast</priorityDirection>
    <defaultEventBehavior type="sltp.mm.core.EventBehavior" uuid="27bffdc4-600a-470f-9449-c3211405f3c3"/>
    <editorState type="sltp.mm.core.EditorState" uuid="8a5b4793-0c6e-4c2d-a050-7b2c52bfa9ba">
      <isSynchronized>true</isSynchronized>
      <panelState type="sltp.mm.core.EditorPanelState" uuid="b28bf948-1848-4b71-b6d8-3f0940e7b580"/>
    </editorState>
    <rootTask type="sltp.mm.core.Task" uuid="489cd414-e2d4-4fb7-baaf-08fd547f1b7f">
      <context type="sltp.mm.core.Context" uuid="f8805a35-3c4e-4c69-b2b0-55bcc535b028"/>
      <explicit>false</explicit>
      <name>Default</name>
      <priority>-2147483648</priority>
      <subgraph type="sltp.mm.core.Graph" uuid="4874671c-dab0-48eb-8170-8124eedfade5">
        <tasks type="sltp.mm.core.Task" uuid="790a8efc-fbc1-42bc-840b-553e78a8ece0">
          <baseTask>true</baseTask>
          <context type="sltp.mm.core.Context" uuid="f8805a35-3c4e-4c69-b2b0-55bcc535b028"/>
          <explicit>false</explicit>
          <id>1</id>
          <isTimed>true</isTimed>
          <name>Cont</name>
          <priority>40</priority>
          <rates type="sltp.mm.core.Rate" uuid="1c5dadf2-3490-4c26-8fde-6401922b7d6b">
            <annotation>Cont</annotation>
            <color>255</color>
            <hasBlocks>true</hasBlocks>
            <identifier>Continuous00</identifier>
            <rateIndex>0</rateIndex>
            <rateSpec type="sltp.mm.core.RateSpec">
              <period>0.0</period>
            </rateSpec>
            <sti>0</sti>
          </rates>
        </tasks>
      </subgraph>
    </rootTask>
  </sltp.mm.core.Context>
</sltp_graph>