<?xml version="1.0" encoding="utf-8"?>
<System>
  <P Name="Location">[-8, -8, 1928, 1168]</P>
  <Block BlockType="SubSystem" Name="Sources" SID="9:235">
    <PortCounts out="1"/>
    <P Name="Position">[15, 32, 80, 58]</P>
    <P Name="ZOrder">-1</P>
    <P Name="FontName">Arial</P>
    <P Name="FontSize">14</P>
    <System Ref="system_9_235"/>
  </Block>
  <Block BlockType="S-Function" Name="State-Space" SID="9:238">
    <PortCounts in="1" out="1"/>
    <P Name="Position">[115, 20, 240, 70]</P>
    <P Name="ZOrder">-2</P>
    <P Name="FontName">Arial</P>
    <P Name="FontSize">14</P>
    <P Name="FunctionName">sfun_spssw_discc</P>
    <P Name="Parameters">S.Ts,S.A, S.B, S.C, S.D, S.x0,S.EnableUseOfTLC</P>
    <P Name="SFunctionDeploymentMode">off</P>
    <P Name="EnableBusSupport">off</P>
    <P Name="SFcnIsStateOwnerBlock">off</P>
  </Block>
  <Block BlockType="SubSystem" Name="Yout" SID="9:239">
    <PortCounts in="1"/>
    <P Name="Position">[275, 33, 340, 57]</P>
    <P Name="ZOrder">-3</P>
    <P Name="FontName">Arial</P>
    <P Name="FontSize">14</P>
    <System Ref="system_9_239"/>
  </Block>
  <Line>
    <P Name="ZOrder">1</P>
    <P Name="Src">9:238#out:1</P>
    <P Name="Dst">9:239#in:1</P>
  </Line>
  <Line>
    <P Name="ZOrder">2</P>
    <P Name="Src">9:235#out:1</P>
    <P Name="Dst">9:238#in:1</P>
  </Line>
</System>
