<?xml version="1.0" encoding="utf-8"?>
<System>
  <P Name="Location">[-1, -7, 1537, 817]</P>
  <P Name="Open">on</P>
  <P Name="ReportName">simulink-default.rpt</P>
  <P Name="SIDHighWatermark">13</P>
  <Block BlockType="Reference" Name="Battery" SID="1">
    <PortCounts out="1" lconn="2"/>
    <P Name="Position">[580, 232, 655, 308]</P>
    <P Name="ZOrder">98</P>
    <P Name="BlockRotation">180</P>
    <P Name="BlockMirror">on</P>
    <P Name="NameLocation">top</P>
    <P Name="LibrarySourceBlock">sps_lib/Sources/Battery</P>
    <P Name="LibraryVersion">5.0</P>
    <P Name="SourceBlock">spsBatteryLib/Battery</P>
    <P Name="SourceType">Battery</P>
    <InstanceData>
      <P Name="RTWMemSecFuncInitTerm">Inherit from model</P>
      <P Name="RTWMemSecFuncExecute">Inherit from model</P>
      <P Name="RTWMemSecDataConstants">Inherit from model</P>
      <P Name="RTWMemSecDataInternal">Inherit from model</P>
      <P Name="RTWMemSecDataParameters">Inherit from model</P>
      <P Name="ContentPreviewEnabled">on</P>
      <P Name="BatType">Lithium-Ion</P>
      <P Name="ShowTempParam">off</P>
      <P Name="ThermalPreset">no</P>
      <P Name="ShowAgeParam">off</P>
      <P Name="NomV">10</P>
      <P Name="NomQ">6.5</P>
      <P Name="SOC">50</P>
      <P Name="Batt_Tr">1e-4</P>
      <P Name="PresetModel">on</P>
      <P Name="MaxQ">6.5</P>
      <P Name="MinV">7.5</P>
      <P Name="FullV">11.6399</P>
      <P Name="Dis_rate">2.8261</P>
      <P Name="R">0.015385</P>
      <P Name="Normal_OP">5.8783</P>
      <P Name="expZone">[10.8039     0.319348]</P>
      <P Name="current">[6.5 13 32.5]</P>
      <P Name="Units">Time</P>
      <P Name="Tci">20</P>
      <P Name="NomT">20</P>
      <P Name="T2">-30</P>
      <P Name="MaxQ2">4.8</P>
      <P Name="FullV2">7.1</P>
      <P Name="Normal_OP2">5.655</P>
      <P Name="expZone2">[6.58           1]</P>
      <P Name="Rca">0.6</P>
      <P Name="ti">2000</P>
      <P Name="Dp">0</P>
      <P Name="Neq0">0</P>
      <P Name="Tsim">1e6</P>
      <P Name="Ta1">25</P>
      <P Name="Qeol">5.4*0.9</P>
      <P Name="Reol">0.013333*1.2</P>
      <P Name="Char_age">[2.3478, 3]</P>
      <P Name="Dis_age">[2.3478, 10]</P>
      <P Name="N1">1500</P>
      <P Name="N2">10500</P>
      <P Name="N3">1000</P>
      <P Name="N4">1400</P>
      <P Name="Ta2">45</P>
      <P Name="N5">950</P>
    </InstanceData>
  </Block>
  <Block BlockType="BusSelector" Name="Bus&#xA;Selector" SID="4">
    <PortCounts in="1" out="3"/>
    <P Name="Position">[755, 251, 760, 289]</P>
    <P Name="ZOrder">101</P>
    <P Name="OutputSignals">SOC (%),Current (A),Voltage (V)</P>
    <PortProperties>
      <Port Type="out" Index="1">
        <P Name="Name">&lt;SOC (%)&gt;</P>
      </Port>
      <Port Type="out" Index="2">
        <P Name="Name">&lt;Current (A)&gt;</P>
      </Port>
      <Port Type="out" Index="3">
        <P Name="Name">&lt;Voltage (V)&gt;</P>
      </Port>
    </PortProperties>
  </Block>
  <Block BlockType="Display" Name="Display" SID="6">
    <PortCounts in="1"/>
    <P Name="Position">[875, 220, 965, 250]</P>
    <P Name="ZOrder">103</P>
    <P Name="Decimation">1</P>
  </Block>
  <Block BlockType="Display" Name="Display1" SID="7">
    <PortCounts in="1"/>
    <P Name="Position">[875, 255, 965, 285]</P>
    <P Name="ZOrder">104</P>
    <P Name="Decimation">1</P>
  </Block>
  <Block BlockType="Display" Name="Display2" SID="8">
    <PortCounts in="1"/>
    <P Name="Position">[875, 290, 965, 320]</P>
    <P Name="ZOrder">105</P>
    <P Name="Decimation">1</P>
  </Block>
  <Block BlockType="Scope" Name="Scope" SID="5">
    <PortCounts in="3"/>
    <P Name="Position">[905, 358, 935, 392]</P>
    <P Name="ZOrder">102</P>
    <P Name="ScopeSpecificationString">Simulink.scopes.TimeScopeBlockCfg(&apos;CurrentConfiguration&apos;, extmgr.ConfigurationSet(extmgr.Configuration(&apos;Core&apos;,&apos;General UI&apos;,true),extmgr.Configuration(&apos;Core&apos;,&apos;Source UI&apos;,true),extmgr.Configuration(&apos;Sources&apos;,&apos;WiredSimulink&apos;,true),extmgr.Configuration(&apos;Visuals&apos;,&apos;Time Domain&apos;,true,&apos;SerializedDisplays&apos;,{struct(&apos;MinYLimReal&apos;,&apos;48.96836&apos;,&apos;MaxYLimReal&apos;,&apos;50.11463&apos;,&apos;YLabelReal&apos;,&apos;&apos;,&apos;MinYLimMag&apos;,&apos;48.96836&apos;,&apos;MaxYLimMag&apos;,&apos;50.11463&apos;,&apos;LegendVisibility&apos;,&apos;off&apos;,&apos;XGrid&apos;,true,&apos;YGrid&apos;,true,&apos;PlotMagPhase&apos;,false,&apos;AxesColor&apos;,[0 0 0],&apos;AxesTickColor&apos;,[0.686274509803922 0.686274509803922 0.686274509803922],&apos;ColorOrder&apos;,[1 1 0.0666666666666667;0.0745098039215686 0.623529411764706 1;1 0.411764705882353 0.16078431372549;0.392156862745098 0.831372549019608 0.0745098039215686;0.717647058823529 0.274509803921569 1;0.0588235294117647 1 1;1 0.0745098039215686 0.650980392156863],&apos;Title&apos;,&apos;%&lt;SignalLabel&gt;&apos;,&apos;LinePropertiesCache&apos;,{{}},&apos;UserDefinedChannelNames&apos;,{{}},&apos;NumLines&apos;,1,&apos;LineNames&apos;,{{&apos;&lt;SOC (%)&gt;&apos;}},&apos;ShowContent&apos;,true,&apos;Placement&apos;,1),struct(&apos;MinYLimReal&apos;,&apos;1.07242&apos;,&apos;MaxYLimReal&apos;,&apos;1.07579&apos;,&apos;YLabelReal&apos;,&apos;&apos;,&apos;MinYLimMag&apos;,&apos;    0.00000&apos;,&apos;MaxYLimMag&apos;,&apos;4220142.02217&apos;,&apos;LegendVisibility&apos;,&apos;off&apos;,&apos;XGrid&apos;,true,&apos;YGrid&apos;,true,&apos;PlotMagPhase&apos;,false,&apos;AxesColor&apos;,[0 0 0],&apos;AxesTickColor&apos;,[0.686274509803922 0.686274509803922 0.686274509803922],&apos;ColorOrder&apos;,[1 1 0.0666666666666667;0.0745098039215686 0.623529411764706 1;1 0.411764705882353 0.16078431372549;0.392156862745098 0.831372549019608 0.0745098039215686;0.717647058823529 0.274509803921569 1;0.0588235294117647 1 1;1 0.0745098039215686 0.650980392156863],&apos;Title&apos;,&apos;%&lt;SignalLabel&gt;&apos;,&apos;LinePropertiesCache&apos;,{{}},&apos;UserDefinedChannelNames&apos;,{{}},&apos;NumLines&apos;,1,&apos;LineNames&apos;,{{&apos;&lt;Current (A)&gt;&apos;}},&apos;ShowContent&apos;,true,&apos;Placement&apos;,2),struct(&apos;MinYLimReal&apos;,&apos;10.7242&apos;,&apos;MaxYLimReal&apos;,&apos;10.75788&apos;,&apos;YLabelReal&apos;,&apos;&apos;,&apos;MinYLimMag&apos;,&apos;    0.00000&apos;,&apos;MaxYLimMag&apos;,&apos;4220142.02217&apos;,&apos;LegendVisibility&apos;,&apos;off&apos;,&apos;XGrid&apos;,true,&apos;YGrid&apos;,true,&apos;PlotMagPhase&apos;,false,&apos;AxesColor&apos;,[0 0 0],&apos;AxesTickColor&apos;,[0.686274509803922 0.686274509803922 0.686274509803922],&apos;ColorOrder&apos;,[1 1 0.0666666666666667;0.0745098039215686 0.623529411764706 1;1 0.411764705882353 0.16078431372549;0.392156862745098 0.831372549019608 0.0745098039215686;0.717647058823529 0.274509803921569 1;0.0588235294117647 1 1;1 0.0745098039215686 0.650980392156863],&apos;Title&apos;,&apos;%&lt;SignalLabel&gt;&apos;,&apos;LinePropertiesCache&apos;,{{}},&apos;UserDefinedChannelNames&apos;,{{}},&apos;NumLines&apos;,1,&apos;LineNames&apos;,{{&apos;&lt;Voltage (V)&gt;&apos;}},&apos;ShowContent&apos;,true,&apos;Placement&apos;,3)},&apos;DisplayPropertyDefaults&apos;,struct(&apos;YLabelReal&apos;,&apos;&apos;,&apos;LegendVisibility&apos;,&apos;off&apos;,&apos;XGrid&apos;,true,&apos;YGrid&apos;,true,&apos;PlotMagPhase&apos;,false,&apos;AxesColor&apos;,[0 0 0],&apos;AxesTickColor&apos;,[0.686274509803922 0.686274509803922 0.686274509803922],&apos;ColorOrder&apos;,[0.0745098039215686 0.623529411764706 1;1 0.411764705882353 0.16078431372549;1 1 0.0666666666666667;0.717647058823529 0.274509803921569 1;0.392156862745098 0.831372549019608 0.0745098039215686;0.0588235294117647 1 1;1 0.0745098039215686 0.650980392156863]),&apos;DisplayLayoutDimensions&apos;,[3 1]),extmgr.Configuration(&apos;Tools&apos;,&apos;Plot Navigation&apos;,true),extmgr.Configuration(&apos;Tools&apos;,&apos;Measurements&apos;,true,&apos;Version&apos;,&apos;2023a&apos;)),&apos;Version&apos;,&apos;2023a&apos;,&apos;Position&apos;,[1 49 1536 740.8])</P>
    <P Name="NumInputPorts">3</P>
    <P Name="Floating">off</P>
  </Block>
  <Block BlockType="Reference" Name="Series RLC Branch" SID="13">
    <PortCounts lconn="1" rconn="1"/>
    <P Name="Position">[376, 255, 394, 285]</P>
    <P Name="ZOrder">1382</P>
    <P Name="BlockRotation">270</P>
    <P Name="NameLocation">right</P>
    <P Name="LibrarySourceBlock">sps_lib/Passives/Series RLC Branch</P>
    <P Name="LibraryVersion">5.0</P>
    <P Name="SourceBlock">spsSeriesRLCBranchLib/Series RLC Branch</P>
    <P Name="SourceType">Series RLC Branch</P>
    <InstanceData>
      <P Name="LConnTagsString">__new0</P>
      <P Name="RConnTagsString">__new0</P>
      <P Name="BranchType">R</P>
      <P Name="Resistance">10</P>
      <P Name="Inductance">1e-3</P>
      <P Name="SetiL0">off</P>
      <P Name="InitialCurrent">0</P>
      <P Name="Capacitance">1e-6</P>
      <P Name="Setx0">off</P>
      <P Name="InitialVoltage">0</P>
      <P Name="Measurements">None</P>
    </InstanceData>
  </Block>
  <Block BlockType="SubSystem" Name="powergui" SID="9">
    <PortCounts/>
    <P Name="Position">[215, 125, 296, 164]</P>
    <P Name="ZOrder">106</P>
    <P Name="Priority">1</P>
    <P Name="AncestorBlock">sps_lib/powergui</P>
    <P Name="LibrarySourceBlock">sps_lib/powergui</P>
    <P Name="LibraryVersion">*12</P>
    <P Name="DialogController">POWERSYS.PowerSysDialog</P>
    <P Name="PreSaveFcn">powergui( &apos;PreSaveFcn_Callback&apos; , gcb , [ ] , [ ] );</P>
    <P Name="InitFcn">powergui( &apos;InitFcn_Callback&apos; , gcb , 0 , [ ] );</P>
    <P Name="OpenFcn">sps_rtmsupport(&apos;OpenFcn&apos;,gcbh)</P>
    <P Name="FontSize">14</P>
    <P Name="ContentPreviewEnabled">on</P>
    <Mask SelfModifiable="on">
      <Type>PSB option menu block</Type>
      <Display RunInitForIconRedraw="on" PortRotate="physical">color(&apos;blue&apos;),disp(dispMessage)</Display>
      <Description>Set simulation type, simulation parameters, and preferences.</Description>
      <Initialization>dispMessage = &apos;&apos;;
dispMessage = powergui(&apos;MaskInitialization&apos;,gcb,SimulationMode,SampleTime);</Initialization>
      <Help>helpview(psbhelp)</Help>
      <MaskParameter Name="SimulationMode" Type="popup">
        <Prompt>Simulation type:</Prompt>
        <Value>Discrete</Value>
        <Callback>powergui(&apos;SimulationType&apos;,[],[],gcb);</Callback>
        <TypeOptions>
          <Option>Continuous</Option>
          <Option>Discrete</Option>
          <Option>Phasor</Option>
          <Option>Discrete phasor</Option>
        </TypeOptions>
      </MaskParameter>
      <MaskParameter Name="SampleTime" Type="edit">
        <Prompt>Sample time (s):</Prompt>
        <Value>50e-6</Value>
      </MaskParameter>
      <MaskParameter Name="frequency" Type="edit" Visible="off">
        <Prompt>Frequency (Hz):</Prompt>
        <Value>60</Value>
      </MaskParameter>
      <MaskParameter Name="Iterations" Type="edit">
        <Prompt>Max iterations</Prompt>
        <Value>50</Value>
      </MaskParameter>
      <MaskParameter Name="frequencyindice" Type="edit">
        <Prompt>Frequency (Hz)</Prompt>
        <Value>0</Value>
      </MaskParameter>
      <MaskParameter Name="Pbase" Type="edit">
        <Prompt>Base power (VA)</Prompt>
        <Value>100e6</Value>
      </MaskParameter>
      <MaskParameter Name="ErrMax" Type="edit">
        <Prompt>PQ tolerance (pu)</Prompt>
        <Value>1e-4</Value>
      </MaskParameter>
      <MaskParameter Name="UnitsV" Type="popup" Evaluate="off">
        <Prompt>Voltage units</Prompt>
        <Value>kV</Value>
        <TypeOptions>
          <Option>V</Option>
          <Option>kV</Option>
        </TypeOptions>
      </MaskParameter>
      <MaskParameter Name="UnitsW" Type="popup" Evaluate="off">
        <Prompt>Power units</Prompt>
        <Value>MW</Value>
        <TypeOptions>
          <Option>W</Option>
          <Option>kW</Option>
          <Option>MW</Option>
        </TypeOptions>
      </MaskParameter>
      <MaskParameter Name="buscounter" Type="edit" Visible="off">
        <Prompt>Load flow bus counter</Prompt>
        <Value>0</Value>
      </MaskParameter>
      <MaskParameter Name="FunctionMessages" Type="checkbox">
        <Prompt>Disable Specialized Power Systems warnings</Prompt>
        <Value>off</Value>
      </MaskParameter>
      <MaskParameter Name="echomessages" Type="checkbox">
        <Prompt>Display Specialized Power Systems compilation messages</Prompt>
        <Value>off</Value>
      </MaskParameter>
      <MaskParameter Name="EnableUseOfTLC" Type="checkbox" Evaluate="off">
        <Prompt>Use TLC file when in Accelerator Simulation Mode and for code generation</Prompt>
        <Value>off</Value>
      </MaskParameter>
      <MaskParameter Name="CurrentSourceSwitches" Type="checkbox" Visible="off">
        <Prompt>Disable ideal switching</Prompt>
        <Value>off</Value>
        <Callback>powergui(&apos;SimulationType&apos;,[],[],gcb);</Callback>
      </MaskParameter>
      <MaskParameter Name="DisableSnubberDevices" Type="checkbox" Visible="off">
        <Prompt>Disable snubbers in switching devices</Prompt>
        <Value>off</Value>
      </MaskParameter>
      <MaskParameter Name="DisableRonSwitches" Type="checkbox" Visible="off">
        <Prompt>Disable Ron resistances in switching devices</Prompt>
        <Value>off</Value>
      </MaskParameter>
      <MaskParameter Name="DisableVfSwitches" Type="checkbox" Visible="off">
        <Prompt>Disable forward voltages in switching devices</Prompt>
        <Value>off</Value>
      </MaskParameter>
      <MaskParameter Name="DisplayEquations" Type="checkbox" Visible="off">
        <Prompt>Display circuit differential equations</Prompt>
        <Value>off</Value>
      </MaskParameter>
      <MaskParameter Name="AutomaticDiscreteSolvers" Type="checkbox">
        <Prompt>Automatically handle Discrete solver and Advanced tab solver settings of blocks</Prompt>
        <Value>off</Value>
        <Callback>powergui(&apos;SimulationType&apos;,[],[],gcb);</Callback>
      </MaskParameter>
      <MaskParameter Name="SolverType" Type="popup" Evaluate="off">
        <Prompt>Discrete solver</Prompt>
        <Value>Tustin/Backward Euler (TBE)</Value>
        <Callback>powergui(&apos;SimulationType&apos;,[],[],gcb);</Callback>
        <TypeOptions>
          <Option>Tustin/Backward Euler (TBE)</Option>
          <Option>Tustin</Option>
          <Option>Backward Euler</Option>
        </TypeOptions>
      </MaskParameter>
      <MaskParameter Name="Interpol" Type="checkbox" Visible="off">
        <Prompt>Interpolate switching events</Prompt>
        <Value>off</Value>
        <Callback>powergui(&apos;SimulationType&apos;,[],[],gcb);</Callback>
      </MaskParameter>
      <MaskParameter Name="ExternalGateDelay" Type="checkbox" Visible="off">
        <Prompt>Use time-stamped gate signals</Prompt>
        <Value>off</Value>
        <Callback>powergui(&apos;SimulationType&apos;,[],[],gcb);</Callback>
      </MaskParameter>
      <MaskParameter Name="methode" Type="checkbox">
        <Prompt>Store switching topologies</Prompt>
        <Value>off</Value>
        <Callback>powergui(&apos;SimulationType&apos;,[],[],gcb);</Callback>
      </MaskParameter>
      <MaskParameter Name="Ts" Type="edit" Visible="off">
        <Prompt>    Buffer size (MBytes):</Prompt>
        <Value>100</Value>
      </MaskParameter>
      <MaskParameter Name="x0status" Type="popup">
        <Prompt>Start simulation with initial electrical states from:</Prompt>
        <Value>blocks</Value>
        <TypeOptions>
          <Option>blocks</Option>
          <Option>steady</Option>
          <Option>zero</Option>
        </TypeOptions>
      </MaskParameter>
      <MaskParameter Name="SPID" Type="checkbox" Visible="off">
        <Prompt>Use ideal switching devices</Prompt>
        <Value>on</Value>
      </MaskParameter>
      <MaskParameter Name="SwTol" Type="edit" Visible="off">
        <Prompt>Switch tolerance</Prompt>
        <Value>0</Value>
      </MaskParameter>
      <MaskParameter Name="HookPort" Type="checkbox" Visible="off">
        <Prompt>Allow multiple powergui blocks</Prompt>
        <Value>off</Value>
      </MaskParameter>
      <MaskParameter Name="NonlinearTolerance" Type="edit">
        <Prompt>Solver tolerance</Prompt>
        <Value>1e-4</Value>
      </MaskParameter>
      <MaskParameter Name="nMaxIteration" Type="edit">
        <Prompt>Maximum number of iterations</Prompt>
        <Value>100</Value>
      </MaskParameter>
      <MaskParameter Name="ContinueOnMaxIteration" Type="checkbox">
        <Prompt>Continue Simulation if maximum number of iterations is reached</Prompt>
        <Value>off</Value>
      </MaskParameter>
      <MaskParameter Name="RestoreLinks" Type="popup" Evaluate="off" Enabled="off" Visible="off">
        <Prompt>Restore disabled links of Simscape Power Systems ST blocks:</Prompt>
        <Value>warning</Value>
        <TypeOptions>
          <Option>yes</Option>
          <Option>warning</Option>
          <Option>no</Option>
        </TypeOptions>
      </MaskParameter>
      <MaskParameter Name="ResistiveCurrentMeasurement" Type="checkbox" Evaluate="off" Visible="off">
        <Prompt>Use non ideal current measurement blocks (1e-4Ohm internal resistance) </Prompt>
        <Value>off</Value>
      </MaskParameter>
      <MaskParameter Name="Frange" Type="edit" Visible="off">
        <Prompt>Frequency Range</Prompt>
        <Value>[0:2:500]</Value>
      </MaskParameter>
      <MaskParameter Name="Ylog" Type="checkbox" Visible="off">
        <Prompt>Log impedance</Prompt>
        <Value>off</Value>
      </MaskParameter>
      <MaskParameter Name="Xlog" Type="checkbox" Visible="off">
        <Prompt>log Frequency</Prompt>
        <Value>on</Value>
      </MaskParameter>
      <MaskParameter Name="ShowGrid" Type="checkbox" Visible="off">
        <Prompt>grid</Prompt>
        <Value>off</Value>
      </MaskParameter>
      <MaskParameter Name="save" Type="checkbox" Visible="off">
        <Prompt>Save Data To Workspace</Prompt>
        <Value>off</Value>
      </MaskParameter>
      <MaskParameter Name="variable" Type="edit" Evaluate="off" Visible="off">
        <Prompt>Variable Name</Prompt>
        <Value>ZData</Value>
      </MaskParameter>
      <MaskParameter Name="structure" Type="edit" Evaluate="off" Visible="off">
        <Prompt>Structure Name (PSBFFTSCOPE)</Prompt>
        <Value>0</Value>
      </MaskParameter>
      <MaskParameter Name="ZoomFFT" Type="checkbox" Visible="off">
        <Prompt>ZoomFFT (PSBFFTSCOPE)</Prompt>
        <Value>off</Value>
      </MaskParameter>
      <MaskParameter Name="StartTime" Type="edit" Visible="off">
        <Prompt>Start Time (PSBFFTSCOPE)</Prompt>
        <Value>0.0</Value>
      </MaskParameter>
      <MaskParameter Name="cycles" Type="edit" Visible="off">
        <Prompt>Cycles (PSBFFTSCOPE)</Prompt>
        <Value>1</Value>
      </MaskParameter>
      <MaskParameter Name="DisplayStyle" Type="edit" Evaluate="off" Visible="off">
        <Prompt>Display style (PSBFFTSCOPE)</Prompt>
        <Value>1</Value>
      </MaskParameter>
      <MaskParameter Name="fundamental" Type="edit" Visible="off">
        <Prompt>Fundamental (PSBFFTSCOPE)</Prompt>
        <Value>60</Value>
      </MaskParameter>
      <MaskParameter Name="FreqAxis" Type="checkbox" Visible="off">
        <Prompt>Frequency Axis (PSBFFTSCOPE)</Prompt>
        <Value>off</Value>
      </MaskParameter>
      <MaskParameter Name="MaxFrequency" Type="edit" Visible="off">
        <Prompt>Max Frequency (PSBFFTSCOPE)</Prompt>
        <Value>1000</Value>
      </MaskParameter>
      <MaskParameter Name="frequencyindicesteady" Type="edit" Visible="off">
        <Prompt>Frequency indice (STEADYSTATE)</Prompt>
        <Value>1</Value>
      </MaskParameter>
      <MaskParameter Name="RmsSteady" Type="edit" Visible="off">
        <Prompt>RMS display (STEADYSTATE)</Prompt>
        <Value>1</Value>
      </MaskParameter>
      <MaskParameter Name="display" Type="checkbox" Visible="off">
        <Prompt>Display Results</Prompt>
        <Value>off</Value>
        <Callback>sps_rtmsupport(&apos;parametereditingmodes&apos;,gcbh) % Will be executed last in parameter callbacks to ensure mask enable consistency</Callback>
      </MaskParameter>
      <DialogControl Type="Group" Name="DescGroupVar">
        <Prompt>%&lt;MaskType&gt;</Prompt>
        <DialogControl Type="Text" Name="DescTextVar">
          <Prompt>%&lt;MaskDescription&gt;</Prompt>
        </DialogControl>
      </DialogControl>
      <DialogControl Type="TabContainer" Name="ParameterTabContainerVar">
        <DialogControl Type="Tab" Name="SolverTab">
          <Prompt>Solver</Prompt>
          <DialogControl Type="Popup" Name="SimulationMode">
            <Prompt>Simulation type:</Prompt>
            <ControlOptions PromptLocation="left"/>
          </DialogControl>
          <DialogControl Type="Edit" Name="SampleTime">
            <Prompt>Sample time (s):</Prompt>
            <ControlOptions PromptLocation="left"/>
          </DialogControl>
          <DialogControl Type="Edit" Name="frequency">
            <Prompt>Frequency (Hz):</Prompt>
            <ControlOptions PromptLocation="left"/>
          </DialogControl>
          <DialogControl Type="Text" Name="AutoSolverNote">
            <Prompt>The Simulation type parameter is governed by Simulink. To access the Powergui solver settings, unselect auto (Automatic solver selection) solver in the Simulink solver options.</Prompt>
            <ControlOptions Visible="off"/>
          </DialogControl>
        </DialogControl>
        <DialogControl Type="Tab" Name="Apps">
          <Prompt>Apps</Prompt>
          <DialogControl Type="Button" Name="StateAnalyzer">
            <Prompt>Measurements and States Analyzer</Prompt>
            <Callback>powerStates(bdroot(gcb))</Callback>
          </DialogControl>
          <DialogControl Type="Button" Name="LineParameterCalculator">
            <Prompt>Line Parameter Calculator</Prompt>
            <Callback>close_system(gcb)
powerLineParameters</Callback>
          </DialogControl>
          <DialogControl Type="Button" Name="CableParameterCalculator">
            <Prompt>Cable Parameter Calculator</Prompt>
            <Callback>close_system(gcb)
powerCableParameters</Callback>
          </DialogControl>
          <DialogControl Type="Button" Name="LineDecoupler">
            <Prompt>Line Decoupler</Prompt>
            <Tooltip>Click to replace selected Distributed Parameters Line blocks with Decoupling Line blocks</Tooltip>
            <Callback>close_system(gcb);
DecouplingLineReplace(gcs)</Callback>
          </DialogControl>
          <DialogControl Type="Button" Name="LoadFlowAnalyzer">
            <Prompt>Load Flow Analyzer</Prompt>
            <Callback>close_system(gcb)
powerLoadFlow</Callback>
            <ControlOptions HorizontalStretch="off"/>
          </DialogControl>
          <DialogControl Type="CollapsiblePanel" Name="LoadFlowParameters">
            <Prompt>Load Flow Parameters</Prompt>
            <DialogControl Type="Edit" Name="Iterations">
              <Prompt>Max iterations</Prompt>
              <ControlOptions HorizontalStretch="off" PromptLocation="left"/>
            </DialogControl>
            <DialogControl Type="Edit" Name="frequencyindice">
              <Prompt>Frequency (Hz)</Prompt>
              <ControlOptions HorizontalStretch="off" PromptLocation="left"/>
            </DialogControl>
            <DialogControl Type="Edit" Name="Pbase">
              <Prompt>Base power (VA)</Prompt>
              <ControlOptions HorizontalStretch="off" PromptLocation="left"/>
            </DialogControl>
            <DialogControl Type="Edit" Name="ErrMax">
              <Prompt>PQ tolerance (pu)</Prompt>
              <ControlOptions HorizontalStretch="off" PromptLocation="left"/>
            </DialogControl>
            <DialogControl Type="Popup" Name="UnitsV">
              <Prompt>Voltage units</Prompt>
              <ControlOptions PromptLocation="left"/>
            </DialogControl>
            <DialogControl Type="Popup" Name="UnitsW">
              <Prompt>Power units</Prompt>
              <ControlOptions PromptLocation="left"/>
            </DialogControl>
            <DialogControl Type="Edit" Name="buscounter">
              <Prompt>Load flow bus counter</Prompt>
              <ControlOptions PromptLocation="left"/>
            </DialogControl>
          </DialogControl>
          <DialogControl Type="Button" Name="ImpedanceCalculator">
            <Prompt>Impedance Calculator</Prompt>
            <Callback>close_system(gcb);
powerImpedance(bdroot(gcs));</Callback>
            <ControlOptions HorizontalStretch="off"/>
          </DialogControl>
          <DialogControl Type="Button" Name="FFTAnalyzer">
            <Prompt>FFT Analyzer</Prompt>
            <Callback>close_system(gcb)
power_fftscope(bdroot(gcb),gcb)</Callback>
            <ControlOptions HorizontalStretch="off"/>
          </DialogControl>
          <DialogControl Type="Button" Name="LinearSystemAnalyzer">
            <Prompt>Linear System Analyzer</Prompt>
            <Callback>close_system(gcb)
power_ltiview(bdroot(gcb))</Callback>
            <ControlOptions HorizontalStretch="off"/>
          </DialogControl>
          <DialogControl Type="Button" Name="HysteresisDesigner">
            <Prompt>Hysteresis Designer</Prompt>
            <Callback>close_system(gcb)
powerHysteresis(&apos;hysteresis.mat&apos;)</Callback>
            <ControlOptions HorizontalStretch="off"/>
          </DialogControl>
          <DialogControl Type="Button" Name="BlockCustomizer">
            <Prompt>Block Customizer</Prompt>
            <Callback>close_system(gcb);
power_customize;</Callback>
            <ControlOptions HorizontalStretch="off"/>
          </DialogControl>
          <DialogControl Type="Button" Name="ReportGenerator">
            <Prompt>Report Generator</Prompt>
            <Callback>close_system(gcb)
power_report(bdroot(gcb))</Callback>
            <ControlOptions HorizontalStretch="off"/>
          </DialogControl>
          <DialogControl Type="CollapsiblePanel" Name="obsolete">
            <Prompt>...</Prompt>
            <DialogControl Type="Button" Name="MachineInitialization">
              <Prompt>Machine Initialization</Prompt>
              <Callback>close_system(gcb)
powericon(&apos;machineInitTool&apos;,bdroot(gcb),gcb)</Callback>
              <ControlOptions HorizontalStretch="off"/>
            </DialogControl>
          </DialogControl>
        </DialogControl>
        <DialogControl Type="Tab" Name="Preferences">
          <Prompt>Preferences</Prompt>
          <DialogControl Type="CheckBox" Name="FunctionMessages">
            <Prompt>Disable Specialized Power Systems warnings</Prompt>
          </DialogControl>
          <DialogControl Type="CheckBox" Name="echomessages">
            <Prompt>Display Specialized Power Systems compilation messages</Prompt>
          </DialogControl>
          <DialogControl Type="CheckBox" Name="EnableUseOfTLC">
            <Prompt>Use TLC file when in Accelerator Simulation Mode and for code generation</Prompt>
          </DialogControl>
          <DialogControl Type="CheckBox" Name="CurrentSourceSwitches">
            <Prompt>Disable ideal switching</Prompt>
          </DialogControl>
          <DialogControl Type="CheckBox" Name="DisableSnubberDevices">
            <Prompt>Disable snubbers in switching devices</Prompt>
          </DialogControl>
          <DialogControl Type="CheckBox" Name="DisableRonSwitches">
            <Prompt>Disable Ron resistances in switching devices</Prompt>
          </DialogControl>
          <DialogControl Type="CheckBox" Name="DisableVfSwitches">
            <Prompt>Disable forward voltages in switching devices</Prompt>
          </DialogControl>
          <DialogControl Type="CheckBox" Name="DisplayEquations">
            <Prompt>Display circuit differential equations</Prompt>
          </DialogControl>
          <DialogControl Type="Group" Name="Solver">
            <Prompt>Solver</Prompt>
            <DialogControl Type="CheckBox" Name="AutomaticDiscreteSolvers">
              <Prompt>Automatically handle Discrete solver and Advanced tab solver settings of blocks</Prompt>
            </DialogControl>
            <DialogControl Type="Popup" Name="SolverType">
              <Prompt>Discrete solver</Prompt>
              <ControlOptions PromptLocation="left"/>
            </DialogControl>
            <DialogControl Type="CheckBox" Name="Interpol">
              <Prompt>Interpolate switching events</Prompt>
            </DialogControl>
            <DialogControl Type="CheckBox" Name="ExternalGateDelay">
              <Prompt>Use time-stamped gate signals</Prompt>
            </DialogControl>
            <DialogControl Type="CheckBox" Name="methode">
              <Prompt>Store switching topologies</Prompt>
            </DialogControl>
            <DialogControl Type="Edit" Name="Ts">
              <Prompt>    Buffer size (MBytes):</Prompt>
              <ControlOptions Row="current" HorizontalStretch="off" PromptLocation="left"/>
            </DialogControl>
            <DialogControl Type="Popup" Name="x0status">
              <Prompt>Start simulation with initial electrical states from:</Prompt>
              <ControlOptions PromptLocation="left"/>
            </DialogControl>
            <DialogControl Type="CheckBox" Name="SPID">
              <Prompt>Use ideal switching devices</Prompt>
            </DialogControl>
            <DialogControl Type="Edit" Name="SwTol">
              <Prompt>Switch tolerance</Prompt>
              <ControlOptions PromptLocation="left"/>
            </DialogControl>
            <DialogControl Type="CheckBox" Name="HookPort">
              <Prompt>Allow multiple powergui blocks</Prompt>
            </DialogControl>
            <DialogControl Type="CollapsiblePanel" Name="SolverDetails">
              <Prompt>Solver details for nonlinear elements</Prompt>
              <DialogControl Type="Edit" Name="NonlinearTolerance">
                <Prompt>Solver tolerance</Prompt>
                <ControlOptions PromptLocation="left"/>
              </DialogControl>
              <DialogControl Type="Edit" Name="nMaxIteration">
                <Prompt>Maximum number of iterations</Prompt>
                <ControlOptions PromptLocation="left"/>
              </DialogControl>
              <DialogControl Type="CheckBox" Name="ContinueOnMaxIteration">
                <Prompt>Continue Simulation if maximum number of iterations is reached</Prompt>
              </DialogControl>
            </DialogControl>
            <DialogControl Type="Popup" Name="RestoreLinks">
              <Prompt>Restore disabled links of Simscape Power Systems ST blocks:</Prompt>
              <ControlOptions PromptLocation="left"/>
            </DialogControl>
            <DialogControl Type="CheckBox" Name="ResistiveCurrentMeasurement">
              <Prompt>Use non ideal current measurement blocks (1e-4Ohm internal resistance) </Prompt>
            </DialogControl>
          </DialogControl>
          <DialogControl Type="Edit" Name="Frange">
            <Prompt>Frequency Range</Prompt>
            <ControlOptions PromptLocation="left"/>
          </DialogControl>
          <DialogControl Type="CheckBox" Name="Ylog">
            <Prompt>Log impedance</Prompt>
          </DialogControl>
          <DialogControl Type="CheckBox" Name="Xlog">
            <Prompt>log Frequency</Prompt>
          </DialogControl>
          <DialogControl Type="CheckBox" Name="ShowGrid">
            <Prompt>grid</Prompt>
          </DialogControl>
          <DialogControl Type="CheckBox" Name="save">
            <Prompt>Save Data To Workspace</Prompt>
          </DialogControl>
          <DialogControl Type="Edit" Name="variable">
            <Prompt>Variable Name</Prompt>
            <ControlOptions PromptLocation="left"/>
          </DialogControl>
          <DialogControl Type="Edit" Name="structure">
            <Prompt>Structure Name (PSBFFTSCOPE)</Prompt>
            <ControlOptions PromptLocation="left"/>
          </DialogControl>
          <DialogControl Type="CheckBox" Name="ZoomFFT">
            <Prompt>ZoomFFT (PSBFFTSCOPE)</Prompt>
          </DialogControl>
          <DialogControl Type="Edit" Name="StartTime">
            <Prompt>Start Time (PSBFFTSCOPE)</Prompt>
            <ControlOptions PromptLocation="left"/>
          </DialogControl>
          <DialogControl Type="Edit" Name="cycles">
            <Prompt>Cycles (PSBFFTSCOPE)</Prompt>
            <ControlOptions PromptLocation="left"/>
          </DialogControl>
          <DialogControl Type="Edit" Name="DisplayStyle">
            <Prompt>Display style (PSBFFTSCOPE)</Prompt>
            <ControlOptions PromptLocation="left"/>
          </DialogControl>
          <DialogControl Type="Edit" Name="fundamental">
            <Prompt>Fundamental (PSBFFTSCOPE)</Prompt>
            <ControlOptions PromptLocation="left"/>
          </DialogControl>
          <DialogControl Type="CheckBox" Name="FreqAxis">
            <Prompt>Frequency Axis (PSBFFTSCOPE)</Prompt>
          </DialogControl>
          <DialogControl Type="Edit" Name="MaxFrequency">
            <Prompt>Max Frequency (PSBFFTSCOPE)</Prompt>
            <ControlOptions PromptLocation="left"/>
          </DialogControl>
          <DialogControl Type="Edit" Name="frequencyindicesteady">
            <Prompt>Frequency indice (STEADYSTATE)</Prompt>
            <ControlOptions PromptLocation="left"/>
          </DialogControl>
          <DialogControl Type="Edit" Name="RmsSteady">
            <Prompt>RMS display (STEADYSTATE)</Prompt>
            <ControlOptions PromptLocation="left"/>
          </DialogControl>
          <DialogControl Type="CheckBox" Name="display">
            <Prompt>Display Results</Prompt>
          </DialogControl>
        </DialogControl>
      </DialogControl>
    </Mask>
    <System Ref="system_9"/>
  </Block>
  <Line LineType="Connection">
    <P Name="ZOrder">34</P>
    <P Name="Src">1#lconn:2</P>
    <P Name="Points">[-27, 0; 0, -43; -153, 0]</P>
    <P Name="Dst">13#rconn:1</P>
  </Line>
  <Line LineType="Connection">
    <P Name="ZOrder">33</P>
    <P Name="Src">13#lconn:1</P>
    <P Name="Points">[0, 35; 154, 0; 0, -45]</P>
    <P Name="Dst">1#lconn:1</P>
  </Line>
  <Line>
    <P Name="ZOrder">4</P>
    <P Name="Src">1#out:1</P>
    <P Name="Dst">4#in:1</P>
  </Line>
  <Line>
    <P Name="Name">&lt;Current (A)&gt;</P>
    <P Name="ZOrder">8</P>
    <P Name="Labels">[0, 0]</P>
    <P Name="Src">4#out:2</P>
    <P Name="Points">[80, 0]</P>
    <Branch>
      <P Name="ZOrder">26</P>
      <P Name="Dst">7#in:1</P>
    </Branch>
    <Branch>
      <P Name="ZOrder">23</P>
      <P Name="Points">[0, 105]</P>
      <P Name="Dst">5#in:2</P>
    </Branch>
  </Line>
  <Line>
    <P Name="Name">&lt;SOC (%)&gt;</P>
    <P Name="ZOrder">11</P>
    <P Name="Labels">[0, 0]</P>
    <P Name="Src">4#out:1</P>
    <P Name="Points">[53, 0; 0, -25; 38, 0]</P>
    <Branch>
      <P Name="ZOrder">14</P>
      <P Name="Points">[0, 130]</P>
      <P Name="Dst">5#in:1</P>
    </Branch>
    <Branch>
      <P Name="ZOrder">13</P>
      <P Name="Dst">6#in:1</P>
    </Branch>
  </Line>
  <Line>
    <P Name="Name">&lt;Voltage (V)&gt;</P>
    <P Name="ZOrder">12</P>
    <P Name="Labels">[0, 0]</P>
    <P Name="Src">4#out:3</P>
    <P Name="Points">[53, 0; 0, 25; 18, 0]</P>
    <Branch>
      <P Name="ZOrder">32</P>
      <P Name="Points">[0, 80]</P>
      <P Name="Dst">5#in:3</P>
    </Branch>
    <Branch>
      <P Name="ZOrder">31</P>
      <P Name="Dst">8#in:1</P>
    </Branch>
  </Line>
</System>
