<?xml version="1.0" encoding="utf-8"?>
<System>
  <P Name="Location">[52, 52, 807, 594]</P>
  <P Name="SIDHighWatermark">243</P>
  <P Name="SIDPrevWatermark">223</P>
  <Block BlockType="SubSystem" Name="EquivalentModel1" SID="9:234">
    <PortCounts/>
    <P Name="Position">[15, 70, 143, 105]</P>
    <P Name="ZOrder">32</P>
    <P Name="FontName">Arial</P>
    <Mask>
      <Display RunInitForIconRedraw="off">color(&apos;red&apos;)
disp(&apos;EQUIVALENT CIRCUIT\nDiscrete&apos;)</Display>
      <Initialization>S  = GetDataForEquivalentModel(&apos;Discrete&apos;,gcbh);</Initialization>
    </Mask>
    <System Ref="system_9_234"/>
  </Block>
  <Block BlockType="Ground" Name="Ground" SID="9:55">
    <P Name="Position">[405, 20, 425, 40]</P>
    <P Name="ZOrder">-1</P>
    <P Name="ShowName">off</P>
  </Block>
  <Block BlockType="Terminator" Name="Terminator" SID="9:56">
    <P Name="Position">[445, 20, 465, 40]</P>
    <P Name="ZOrder">-2</P>
    <P Name="ShowName">off</P>
  </Block>
  <Line>
    <P Name="ZOrder">1</P>
    <P Name="Src">9:55#out:1</P>
    <P Name="Dst">9:56#in:1</P>
  </Line>
  <Annotation SID="9:57">
    <P Name="Name">Graphical user interface for the analysis of  
Simscape Power Systems (Specialized Technology) circuits. 
Place the Powergui block in the top-level of your model and double-click
on it to open the GUI.</P>
    <P Name="Position">[14, 2, 333, 56]</P>
    <P Name="InternalMargins">[0, 0, 0, 0]</P>
    <P Name="VerticalAlignment">middle</P>
    <P Name="ForegroundColor">blue</P>
    <P Name="ZOrder">-1</P>
  </Annotation>
</System>
