<?xml version="1.0" encoding="utf-8"?>
<System>
  <P Name="Location">[16, 100, 737, 762]</P>
  <Block BlockType="From" Name="From1" SID="9:243">
    <P Name="Position">[15, 21, 85, 49]</P>
    <P Name="ZOrder">1</P>
    <P Name="GotoTag">T55_5390_4976270240316</P>
    <P Name="TagVisibility">global</P>
  </Block>
  <Block BlockType="Mux" Name="Mux" SID="9:236">
    <PortCounts in="1" out="1"/>
    <P Name="Position">[325, 270, 330, 610]</P>
    <P Name="ZOrder">-1</P>
    <P Name="Inputs">1</P>
    <P Name="DisplayOption">bar</P>
  </Block>
  <Block BlockType="Outport" Name="u" SID="9:237">
    <P Name="Position">[365, 433, 395, 447]</P>
    <P Name="ZOrder">-2</P>
    <P Name="VectorParamsAs1DForOutWhenUnconnected">off</P>
  </Block>
  <Line>
    <P Name="ZOrder">1</P>
    <P Name="Src">9:236#out:1</P>
    <P Name="Dst">9:237#in:1</P>
  </Line>
  <Line>
    <P Name="ZOrder">2</P>
    <P Name="Src">9:243#out:1</P>
    <P Name="Dst">9:236#in:1</P>
  </Line>
</System>
