<?xml version="1.0" encoding="utf-8"?>
<System>
  <P Name="Location">[124, 85, 631, 971]</P>
  <Block BlockType="Inport" Name="v,i" SID="9:240">
    <P Name="Position">[15, 373, 45, 387]</P>
    <P Name="ZOrder">-1</P>
  </Block>
  <Block BlockType="Demux" Name="Demux" SID="9:241">
    <PortCounts in="1" out="1"/>
    <P Name="Position">[100, 191, 105, 569]</P>
    <P Name="ZOrder">-2</P>
    <P Name="BackgroundColor">black</P>
    <P Name="ShowName">off</P>
    <P Name="Outputs">1</P>
  </Block>
  <Block BlockType="Goto" Name="Goto1" SID="9:242">
    <P Name="Position">[325, 21, 395, 49]</P>
    <P Name="ZOrder">1</P>
    <P Name="GotoTag">T51_5110_4740418516149</P>
    <P Name="TagVisibility">global</P>
  </Block>
  <Line>
    <P Name="ZOrder">1</P>
    <P Name="Src">9:240#out:1</P>
    <P Name="Dst">9:241#in:1</P>
  </Line>
  <Line>
    <P Name="ZOrder">2</P>
    <P Name="Src">9:241#out:1</P>
    <P Name="Dst">9:242#in:1</P>
  </Line>
</System>
