<?xml version="1.0" encoding="UTF-8"?>
<sltp_editor version="1.1" packageUris="http://schema.mathworks.com/mf0/DiagramEditor/R2019a_20181107 http://schema.mathworks.com/mf0/SltpSyntax/R2023a_202207220222">
  <sltp.mm.syntax.Context type="sltp.mm.syntax.Context" uuid="3bc6494c-0943-48af-82ee-575fcc503e5e">
    <rootGraph type="sltp.mm.syntax.Graph" uuid="e76d6954-ede4-4db3-b2ce-0530b1bcca81">
      <children type="sltp.mm.syntax.Node" uuid="21374841-6084-416d-bcd6-61ab007061ee">
        <priority>40</priority>
        <rates type="sltp.mm.syntax.RateData">
          <color>#000000</color>
          <hasBlocks>true</hasBlocks>
          <rate>0</rate>
          <title>Cont</title>
        </rates>
        <rates type="sltp.mm.syntax.RateData">
          <color>#808080</color>
          <hasBlocks>true</hasBlocks>
          <rate>[0, 1]</rate>
          <title>FiM</title>
        </rates>
        <title>Cont</title>
        <type>base</type>
        <diagramElement type="diagram.editor.model.Entity" uuid="f610890c-b04a-4a8f-bd45-73ea63d18b80"/>
        <subgraph type="sltp.mm.syntax.Graph" uuid="794b16bd-0d18-4ab8-9da4-7dcd517c77df">
          <title>Cont</title>
          <diagramElement type="diagram.editor.model.Diagram" uuid="3e848c39-a625-4315-b99c-1a96e8533099"/>
        </subgraph>
      </children>
      <title>Default</title>
      <diagramElement type="diagram.editor.model.Diagram" uuid="e2860f81-b6af-48e2-92fc-12e61e1e719c"/>
    </rootGraph>
  </sltp.mm.syntax.Context>
  <diagram.editor.model.Diagram type="diagram.editor.model.Diagram" uuid="e2860f81-b6af-48e2-92fc-12e61e1e719c">
    <entities type="diagram.editor.model.Entity" uuid="f610890c-b04a-4a8f-bd45-73ea63d18b80">
      <position>0,0</position>
      <size>0,0,0,0</size>
      <syntaxElement type="sltp.mm.syntax.Node" uuid="21374841-6084-416d-bcd6-61ab007061ee"/>
      <title>Cont</title>
      <type>base</type>
      <subDiagram type="diagram.editor.model.Diagram" uuid="3e848c39-a625-4315-b99c-1a96e8533099">
        <position>0,0</position>
        <syntaxElement type="sltp.mm.syntax.Graph" uuid="794b16bd-0d18-4ab8-9da4-7dcd517c77df"/>
        <title>Cont</title>
        <type>graph.Graph</type>
      </subDiagram>
    </entities>
    <syntaxElement type="sltp.mm.syntax.Graph" uuid="e76d6954-ede4-4db3-b2ce-0530b1bcca81"/>
    <title>Default</title>
    <type>graph.Graph</type>
  </diagram.editor.model.Diagram>
</sltp_editor>