<?xml version="1.0" encoding="utf-8"?>
<System>
  <P Name="Location">[223, 338, 826, 833]</P>
  <P Name="SIDHighWatermark">31</P>
  <Block BlockType="Inport" Name="s1" SID="22::1">
    <P Name="Position">[20, 101, 40, 119]</P>
    <P Name="ZOrder">-1</P>
    <PortProperties>
      <Port Type="out" Index="1">
        <P Name="PropagatedSignals">SOC (%)</P>
      </Port>
    </PortProperties>
  </Block>
  <Block BlockType="Inport" Name="s2" SID="22::28">
    <P Name="Position">[20, 136, 40, 154]</P>
    <P Name="ZOrder">19</P>
    <P Name="Port">2</P>
    <PortProperties>
      <Port Type="out" Index="1">
        <P Name="PropagatedSignals">SOC (%)</P>
      </Port>
    </PortProperties>
  </Block>
  <Block BlockType="Inport" Name="s3" SID="22::29">
    <P Name="Position">[20, 171, 40, 189]</P>
    <P Name="ZOrder">20</P>
    <P Name="Port">3</P>
    <PortProperties>
      <Port Type="out" Index="1">
        <P Name="PropagatedSignals">SOC (%)</P>
      </Port>
    </PortProperties>
  </Block>
  <Block BlockType="Demux" Name=" Demux " SID="22::26">
    <PortCounts in="1" out="1"/>
    <P Name="Position">[270, 245, 320, 285]</P>
    <P Name="ZOrder">17</P>
    <P Name="Outputs">1</P>
  </Block>
  <Block BlockType="S-Function" Name=" SFunction " SID="22::25">
    <P Name="Tag">Stateflow S-Function 2</P>
    <PortCounts in="3" out="4"/>
    <P Name="Position">[180, 102, 230, 203]</P>
    <P Name="ZOrder">16</P>
    <P Name="FunctionName">sf_sfun</P>
    <P Name="PortCounts">[3 4]</P>
    <P Name="SFunctionDeploymentMode">off</P>
    <P Name="EnableBusSupport">on</P>
    <P Name="SFcnIsStateOwnerBlock">off</P>
    <PortProperties>
      <Port Type="out" Index="2">
        <P Name="Name">y1</P>
      </Port>
      <Port Type="out" Index="3">
        <P Name="Name">y2</P>
      </Port>
      <Port Type="out" Index="4">
        <P Name="Name">y3</P>
      </Port>
    </PortProperties>
  </Block>
  <Block BlockType="Terminator" Name=" Terminator " SID="22::27">
    <P Name="Position">[460, 256, 480, 274]</P>
    <P Name="ZOrder">18</P>
  </Block>
  <Block BlockType="Outport" Name="y1" SID="22::5">
    <P Name="Position">[460, 101, 480, 119]</P>
    <P Name="ZOrder">-5</P>
  </Block>
  <Block BlockType="Outport" Name="y2" SID="22::30">
    <P Name="Position">[460, 136, 480, 154]</P>
    <P Name="ZOrder">21</P>
    <P Name="Port">2</P>
  </Block>
  <Block BlockType="Outport" Name="y3" SID="22::31">
    <P Name="Position">[460, 171, 480, 189]</P>
    <P Name="ZOrder">22</P>
    <P Name="Port">3</P>
  </Block>
  <Line>
    <P Name="ZOrder">27</P>
    <P Name="Src">22::1#out:1</P>
    <P Name="Points">[90, 0; 0, 10]</P>
    <P Name="Dst">22::25#in:1</P>
  </Line>
  <Line>
    <P Name="ZOrder">28</P>
    <P Name="Src">22::28#out:1</P>
    <P Name="Points">[60, 0; 0, 10]</P>
    <P Name="Dst">22::25#in:2</P>
  </Line>
  <Line>
    <P Name="ZOrder">29</P>
    <P Name="Src">22::29#out:1</P>
    <P Name="Points">[29, 0; 0, 10]</P>
    <P Name="Dst">22::25#in:3</P>
  </Line>
  <Line>
    <P Name="Name">y1</P>
    <P Name="ZOrder">30</P>
    <P Name="Labels">[0, 0]</P>
    <P Name="Src">22::25#out:2</P>
    <P Name="Points">[55, 0; 0, -30]</P>
    <P Name="Dst">22::5#in:1</P>
  </Line>
  <Line>
    <P Name="Name">y2</P>
    <P Name="ZOrder">31</P>
    <P Name="Labels">[0, 0]</P>
    <P Name="Src">22::25#out:3</P>
    <P Name="Points">[111, 0; 0, -20]</P>
    <P Name="Dst">22::30#in:1</P>
  </Line>
  <Line>
    <P Name="Name">y3</P>
    <P Name="ZOrder">32</P>
    <P Name="Labels">[0, 0]</P>
    <P Name="Src">22::25#out:4</P>
    <P Name="Points">[166, 0; 0, -10]</P>
    <P Name="Dst">22::31#in:1</P>
  </Line>
  <Line>
    <P Name="ZOrder">33</P>
    <P Name="Src">22::26#out:1</P>
    <P Name="Dst">22::27#in:1</P>
  </Line>
  <Line>
    <P Name="ZOrder">34</P>
    <P Name="Src">22::25#out:1</P>
    <P Name="Points">[15, 0; 0, 150]</P>
    <P Name="Dst">22::26#in:1</P>
  </Line>
</System>
