<?xml version="1.0" encoding="utf-8"?>
<System>
  <P Name="Location">[-1, -7, 1537, 817]</P>
  <P Name="Open">on</P>
  <P Name="ReportName">simulink-default.rpt</P>
  <P Name="SIDHighWatermark">40</P>
  <Block BlockType="Reference" Name="Battery" SID="1">
    <PortCounts out="1" lconn="2"/>
    <P Name="Position">[655, 102, 730, 178]</P>
    <P Name="ZOrder">98</P>
    <P Name="BlockMirror">on</P>
    <P Name="LibrarySourceBlock">sps_lib/Sources/Battery</P>
    <P Name="LibraryVersion">5.0</P>
    <P Name="SourceBlock">spsBatteryLib/Battery</P>
    <P Name="SourceType">Battery</P>
    <InstanceData>
      <P Name="RTWMemSecFuncInitTerm">Inherit from model</P>
      <P Name="RTWMemSecFuncExecute">Inherit from model</P>
      <P Name="RTWMemSecDataConstants">Inherit from model</P>
      <P Name="RTWMemSecDataInternal">Inherit from model</P>
      <P Name="RTWMemSecDataParameters">Inherit from model</P>
      <P Name="ContentPreviewEnabled">on</P>
      <P Name="BatType">Lithium-Ion</P>
      <P Name="ShowTempParam">off</P>
      <P Name="ThermalPreset">no</P>
      <P Name="ShowAgeParam">off</P>
      <P Name="NomV">7.2</P>
      <P Name="NomQ">5.4</P>
      <P Name="SOC">15</P>
      <P Name="Batt_Tr">30</P>
      <P Name="PresetModel">on</P>
      <P Name="MaxQ">5.4</P>
      <P Name="MinV">5.4</P>
      <P Name="FullV">8.3807</P>
      <P Name="Dis_rate">2.3478</P>
      <P Name="R">0.013333</P>
      <P Name="Normal_OP">4.8835</P>
      <P Name="expZone">[7.7788      0.2653]</P>
      <P Name="current">[6.5 13 32.5]</P>
      <P Name="Units">Time</P>
      <P Name="Tci">20</P>
      <P Name="NomT">20</P>
      <P Name="T2">-30</P>
      <P Name="MaxQ2">4.8</P>
      <P Name="FullV2">7.1</P>
      <P Name="Normal_OP2">5.655</P>
      <P Name="expZone2">[6.58           1]</P>
      <P Name="Rca">0.6</P>
      <P Name="ti">2000</P>
      <P Name="Dp">0</P>
      <P Name="Neq0">0</P>
      <P Name="Tsim">1e6</P>
      <P Name="Ta1">25</P>
      <P Name="Qeol">5.4*0.9</P>
      <P Name="Reol">0.013333*1.2</P>
      <P Name="Char_age">[2.3478, 3]</P>
      <P Name="Dis_age">[2.3478, 10]</P>
      <P Name="N1">1500</P>
      <P Name="N2">10500</P>
      <P Name="N3">1000</P>
      <P Name="N4">1400</P>
      <P Name="Ta2">45</P>
      <P Name="N5">950</P>
    </InstanceData>
  </Block>
  <Block BlockType="Reference" Name="Battery1" SID="2">
    <PortCounts out="1" lconn="2"/>
    <P Name="Position">[655, 237, 730, 313]</P>
    <P Name="ZOrder">99</P>
    <P Name="BlockMirror">on</P>
    <P Name="LibrarySourceBlock">sps_lib/Sources/Battery</P>
    <P Name="LibraryVersion">5.0</P>
    <P Name="SourceBlock">spsBatteryLib/Battery</P>
    <P Name="SourceType">Battery</P>
    <InstanceData>
      <P Name="RTWMemSecFuncInitTerm">Inherit from model</P>
      <P Name="RTWMemSecFuncExecute">Inherit from model</P>
      <P Name="RTWMemSecDataConstants">Inherit from model</P>
      <P Name="RTWMemSecDataInternal">Inherit from model</P>
      <P Name="RTWMemSecDataParameters">Inherit from model</P>
      <P Name="ContentPreviewEnabled">on</P>
      <P Name="BatType">Lithium-Ion</P>
      <P Name="ShowTempParam">off</P>
      <P Name="ThermalPreset">no</P>
      <P Name="ShowAgeParam">off</P>
      <P Name="NomV">7.2</P>
      <P Name="NomQ">5.4</P>
      <P Name="SOC">30</P>
      <P Name="Batt_Tr">30</P>
      <P Name="PresetModel">on</P>
      <P Name="MaxQ">5.4</P>
      <P Name="MinV">5.4</P>
      <P Name="FullV">8.3807</P>
      <P Name="Dis_rate">2.3478</P>
      <P Name="R">0.013333</P>
      <P Name="Normal_OP">4.8835</P>
      <P Name="expZone">[7.7788      0.2653]</P>
      <P Name="current">[6.5 13 32.5]</P>
      <P Name="Units">Time</P>
      <P Name="Tci">20</P>
      <P Name="NomT">20</P>
      <P Name="T2">-30</P>
      <P Name="MaxQ2">4.8</P>
      <P Name="FullV2">7.1</P>
      <P Name="Normal_OP2">5.655</P>
      <P Name="expZone2">[6.58           1]</P>
      <P Name="Rca">0.6</P>
      <P Name="ti">2000</P>
      <P Name="Dp">0</P>
      <P Name="Neq0">0</P>
      <P Name="Tsim">1e6</P>
      <P Name="Ta1">25</P>
      <P Name="Qeol">5.4*0.9</P>
      <P Name="Reol">0.013333*1.2</P>
      <P Name="Char_age">[2.3478, 3]</P>
      <P Name="Dis_age">[2.3478, 10]</P>
      <P Name="N1">1500</P>
      <P Name="N2">10500</P>
      <P Name="N3">1000</P>
      <P Name="N4">1400</P>
      <P Name="Ta2">45</P>
      <P Name="N5">950</P>
    </InstanceData>
  </Block>
  <Block BlockType="Reference" Name="Battery2" SID="3">
    <PortCounts out="1" lconn="2"/>
    <P Name="Position">[655, 372, 730, 448]</P>
    <P Name="ZOrder">100</P>
    <P Name="BlockMirror">on</P>
    <P Name="LibrarySourceBlock">sps_lib/Sources/Battery</P>
    <P Name="LibraryVersion">5.0</P>
    <P Name="SourceBlock">spsBatteryLib/Battery</P>
    <P Name="SourceType">Battery</P>
    <InstanceData>
      <P Name="RTWMemSecFuncInitTerm">Inherit from model</P>
      <P Name="RTWMemSecFuncExecute">Inherit from model</P>
      <P Name="RTWMemSecDataConstants">Inherit from model</P>
      <P Name="RTWMemSecDataInternal">Inherit from model</P>
      <P Name="RTWMemSecDataParameters">Inherit from model</P>
      <P Name="ContentPreviewEnabled">on</P>
      <P Name="BatType">Lithium-Ion</P>
      <P Name="ShowTempParam">off</P>
      <P Name="ThermalPreset">no</P>
      <P Name="ShowAgeParam">off</P>
      <P Name="NomV">7.2</P>
      <P Name="NomQ">5.4</P>
      <P Name="SOC">60</P>
      <P Name="Batt_Tr">30</P>
      <P Name="PresetModel">on</P>
      <P Name="MaxQ">5.4</P>
      <P Name="MinV">5.4</P>
      <P Name="FullV">8.3807</P>
      <P Name="Dis_rate">2.3478</P>
      <P Name="R">0.013333</P>
      <P Name="Normal_OP">4.8835</P>
      <P Name="expZone">[7.7788      0.2653]</P>
      <P Name="current">[6.5 13 32.5]</P>
      <P Name="Units">Time</P>
      <P Name="Tci">20</P>
      <P Name="NomT">20</P>
      <P Name="T2">-30</P>
      <P Name="MaxQ2">4.8</P>
      <P Name="FullV2">7.1</P>
      <P Name="Normal_OP2">5.655</P>
      <P Name="expZone2">[6.58           1]</P>
      <P Name="Rca">0.6</P>
      <P Name="ti">2000</P>
      <P Name="Dp">0</P>
      <P Name="Neq0">0</P>
      <P Name="Tsim">1e6</P>
      <P Name="Ta1">25</P>
      <P Name="Qeol">5.4*0.9</P>
      <P Name="Reol">0.013333*1.2</P>
      <P Name="Char_age">[2.3478, 3]</P>
      <P Name="Dis_age">[2.3478, 10]</P>
      <P Name="N1">1500</P>
      <P Name="N2">10500</P>
      <P Name="N3">1000</P>
      <P Name="N4">1400</P>
      <P Name="Ta2">45</P>
      <P Name="N5">950</P>
    </InstanceData>
  </Block>
  <Block BlockType="BusSelector" Name="Bus&#xA;Selector" SID="13">
    <PortCounts in="1" out="2"/>
    <P Name="Position">[575, 121, 580, 159]</P>
    <P Name="ZOrder">5902</P>
    <P Name="BlockMirror">on</P>
    <P Name="NameLocation">top</P>
    <P Name="OutputSignals">SOC (%),Current (A)</P>
    <PortProperties>
      <Port Type="out" Index="1">
        <P Name="Name">&lt;SOC (%)&gt;</P>
      </Port>
      <Port Type="out" Index="2">
        <P Name="Name">&lt;Current (A)&gt;</P>
      </Port>
    </PortProperties>
  </Block>
  <Block BlockType="BusSelector" Name="Bus&#xA;Selector1" SID="14">
    <PortCounts in="1" out="2"/>
    <P Name="Position">[575, 256, 580, 294]</P>
    <P Name="ZOrder">5903</P>
    <P Name="BlockMirror">on</P>
    <P Name="NameLocation">top</P>
    <P Name="OutputSignals">SOC (%),Current (A)</P>
    <PortProperties>
      <Port Type="out" Index="1">
        <P Name="Name">&lt;SOC (%)&gt;</P>
      </Port>
      <Port Type="out" Index="2">
        <P Name="Name">&lt;Current (A)&gt;</P>
      </Port>
    </PortProperties>
  </Block>
  <Block BlockType="BusSelector" Name="Bus&#xA;Selector2" SID="15">
    <PortCounts in="1" out="2"/>
    <P Name="Position">[575, 391, 580, 429]</P>
    <P Name="ZOrder">5904</P>
    <P Name="BlockMirror">on</P>
    <P Name="NameLocation">top</P>
    <P Name="OutputSignals">SOC (%),Current (A)</P>
    <PortProperties>
      <Port Type="out" Index="1">
        <P Name="Name">&lt;SOC (%)&gt;</P>
      </Port>
      <Port Type="out" Index="2">
        <P Name="Name">&lt;Current (A)&gt;</P>
      </Port>
    </PortProperties>
  </Block>
  <Block BlockType="Display" Name="Display" SID="16">
    <PortCounts in="1"/>
    <P Name="Position">[360, 125, 450, 155]</P>
    <P Name="ZOrder">5905</P>
    <P Name="Decimation">1</P>
  </Block>
  <Block BlockType="Display" Name="Display1" SID="17">
    <PortCounts in="1"/>
    <P Name="Position">[360, 260, 450, 290]</P>
    <P Name="ZOrder">5906</P>
    <P Name="Decimation">1</P>
  </Block>
  <Block BlockType="Display" Name="Display2" SID="18">
    <PortCounts in="1"/>
    <P Name="Position">[360, 395, 450, 425]</P>
    <P Name="ZOrder">5907</P>
    <P Name="Decimation">1</P>
  </Block>
  <Block BlockType="Display" Name="Display3" SID="38">
    <PortCounts in="1"/>
    <P Name="Position">[10, 155, 100, 185]</P>
    <P Name="ZOrder">5927</P>
    <P Name="Decimation">1</P>
  </Block>
  <Block BlockType="Display" Name="Display4" SID="39">
    <PortCounts in="1"/>
    <P Name="Position">[10, 205, 100, 235]</P>
    <P Name="ZOrder">5928</P>
    <P Name="Decimation">1</P>
  </Block>
  <Block BlockType="Display" Name="Display5" SID="40">
    <PortCounts in="1"/>
    <P Name="Position">[10, 255, 100, 285]</P>
    <P Name="ZOrder">5929</P>
    <P Name="Decimation">1</P>
  </Block>
  <Block BlockType="From" Name="From" SID="27">
    <P Name="Position">[-275, 296, -235, 324]</P>
    <P Name="ZOrder">5916</P>
    <P Name="GotoTag">s1</P>
    <PortProperties>
      <Port Type="out" Index="1">
        <P Name="PropagatedSignals">SOC (%)</P>
      </Port>
    </PortProperties>
  </Block>
  <Block BlockType="From" Name="From1" SID="28">
    <P Name="Position">[-275, 366, -235, 394]</P>
    <P Name="ZOrder">5917</P>
    <P Name="GotoTag">s2</P>
    <PortProperties>
      <Port Type="out" Index="1">
        <P Name="PropagatedSignals">SOC (%)</P>
      </Port>
    </PortProperties>
  </Block>
  <Block BlockType="From" Name="From2" SID="29">
    <P Name="Position">[-275, 436, -235, 464]</P>
    <P Name="ZOrder">5918</P>
    <P Name="GotoTag">s3</P>
    <PortProperties>
      <Port Type="out" Index="1">
        <P Name="PropagatedSignals">SOC (%)</P>
      </Port>
    </PortProperties>
  </Block>
  <Block BlockType="From" Name="From3" SID="34">
    <P Name="Position">[990, 136, 1030, 164]</P>
    <P Name="ZOrder">5923</P>
    <P Name="BlockMirror">on</P>
    <P Name="NameLocation">top</P>
    <P Name="GotoTag">y1</P>
    <PortProperties>
      <Port Type="out" Index="1">
        <P Name="PropagatedSignals">y1</P>
      </Port>
    </PortProperties>
  </Block>
  <Block BlockType="From" Name="From4" SID="35">
    <P Name="Position">[970, 406, 1010, 434]</P>
    <P Name="ZOrder">5924</P>
    <P Name="BlockMirror">on</P>
    <P Name="NameLocation">top</P>
    <P Name="GotoTag">y3</P>
    <PortProperties>
      <Port Type="out" Index="1">
        <P Name="PropagatedSignals">y3</P>
      </Port>
    </PortProperties>
  </Block>
  <Block BlockType="From" Name="From5" SID="36">
    <P Name="Position">[955, 301, 995, 329]</P>
    <P Name="ZOrder">5925</P>
    <P Name="BlockMirror">on</P>
    <P Name="NameLocation">top</P>
    <P Name="GotoTag">y2</P>
    <PortProperties>
      <Port Type="out" Index="1">
        <P Name="PropagatedSignals">y2</P>
      </Port>
    </PortProperties>
  </Block>
  <Block BlockType="Goto" Name="Goto" SID="23">
    <P Name="Position">[585, 45, 625, 75]</P>
    <P Name="ZOrder">5912</P>
    <P Name="GotoTag">s1</P>
  </Block>
  <Block BlockType="Goto" Name="Goto1" SID="24">
    <P Name="Position">[585, 190, 625, 220]</P>
    <P Name="ZOrder">5913</P>
    <P Name="GotoTag">s2</P>
  </Block>
  <Block BlockType="Goto" Name="Goto2" SID="25">
    <P Name="Position">[585, 325, 625, 355]</P>
    <P Name="ZOrder">5914</P>
    <P Name="GotoTag">s3</P>
  </Block>
  <Block BlockType="Goto" Name="Goto3" SID="31">
    <P Name="Position">[-55, 310, -15, 340]</P>
    <P Name="ZOrder">5920</P>
    <P Name="GotoTag">y1</P>
  </Block>
  <Block BlockType="Goto" Name="Goto4" SID="32">
    <P Name="Position">[-55, 365, -15, 395]</P>
    <P Name="ZOrder">5921</P>
    <P Name="GotoTag">y2</P>
  </Block>
  <Block BlockType="Goto" Name="Goto5" SID="33">
    <P Name="Position">[-55, 420, -15, 450]</P>
    <P Name="ZOrder">5922</P>
    <P Name="GotoTag">y3</P>
  </Block>
  <Block BlockType="SubSystem" Name="MATLAB Function" SID="22">
    <PortCounts in="3" out="3"/>
    <P Name="Position">[-185, 356, -115, 404]</P>
    <P Name="ZOrder">5911</P>
    <P Name="LibrarySourceBlock">simulink/User-Defined
Functions/MATLAB Function</P>
    <P Name="ErrorFcn">Stateflow.Translate.translate</P>
    <P Name="PermitHierarchicalResolution">ExplicitOnly</P>
    <P Name="TreatAsAtomicUnit">on</P>
    <P Name="SFBlockType">MATLAB Function</P>
    <P Name="ContentPreviewEnabled">on</P>
    <PortProperties>
      <Port Type="out" Index="1">
        <P Name="PropagatedSignals">y1</P>
      </Port>
      <Port Type="out" Index="2">
        <P Name="PropagatedSignals">y2</P>
      </Port>
      <Port Type="out" Index="3">
        <P Name="PropagatedSignals">y3</P>
      </Port>
    </PortProperties>
    <System Ref="system_22"/>
  </Block>
  <Block BlockType="Reference" Name="Mosfet" SID="4">
    <PortCounts in="1" out="1" lconn="1" rconn="1"/>
    <P Name="Position">[865, 118, 925, 162]</P>
    <P Name="ZOrder">5893</P>
    <P Name="BlockRotation">180</P>
    <P Name="NameLocation">top</P>
    <P Name="LibrarySourceBlock">sps_lib/Power Electronics/Mosfet</P>
    <P Name="LibraryVersion">5.0</P>
    <P Name="SourceBlock">spsMosfetLib/Mosfet</P>
    <P Name="SourceType">Mosfet</P>
    <InstanceData>
      <P Name="RTWMemSecFuncInitTerm">Inherit from model</P>
      <P Name="RTWMemSecFuncExecute">Inherit from model</P>
      <P Name="RTWMemSecDataConstants">Inherit from model</P>
      <P Name="RTWMemSecDataInternal">Inherit from model</P>
      <P Name="RTWMemSecDataParameters">Inherit from model</P>
      <P Name="ContentPreviewEnabled">on</P>
      <P Name="Ron">0.1</P>
      <P Name="Lon">0</P>
      <P Name="Rd">0.01</P>
      <P Name="Vfd">0</P>
      <P Name="IC">0</P>
      <P Name="Rs">1e5</P>
      <P Name="Cs">inf </P>
      <P Name="Measurements">on</P>
    </InstanceData>
  </Block>
  <Block BlockType="Reference" Name="Mosfet1" SID="7">
    <PortCounts in="1" out="1" lconn="1" rconn="1"/>
    <P Name="Position">[870, 283, 930, 327]</P>
    <P Name="ZOrder">5896</P>
    <P Name="BlockRotation">180</P>
    <P Name="NameLocation">top</P>
    <P Name="LibrarySourceBlock">sps_lib/Power Electronics/Mosfet</P>
    <P Name="LibraryVersion">5.0</P>
    <P Name="SourceBlock">spsMosfetLib/Mosfet</P>
    <P Name="SourceType">Mosfet</P>
    <InstanceData>
      <P Name="RTWMemSecFuncInitTerm">Inherit from model</P>
      <P Name="RTWMemSecFuncExecute">Inherit from model</P>
      <P Name="RTWMemSecDataConstants">Inherit from model</P>
      <P Name="RTWMemSecDataInternal">Inherit from model</P>
      <P Name="RTWMemSecDataParameters">Inherit from model</P>
      <P Name="ContentPreviewEnabled">on</P>
      <P Name="Ron">0.1</P>
      <P Name="Lon">0</P>
      <P Name="Rd">0.01</P>
      <P Name="Vfd">0</P>
      <P Name="IC">0</P>
      <P Name="Rs">1e5</P>
      <P Name="Cs">inf </P>
      <P Name="Measurements">on</P>
    </InstanceData>
  </Block>
  <Block BlockType="Reference" Name="Mosfet2" SID="8">
    <PortCounts in="1" out="1" lconn="1" rconn="1"/>
    <P Name="Position">[870, 388, 930, 432]</P>
    <P Name="ZOrder">5897</P>
    <P Name="BlockRotation">180</P>
    <P Name="NameLocation">top</P>
    <P Name="LibrarySourceBlock">sps_lib/Power Electronics/Mosfet</P>
    <P Name="LibraryVersion">5.0</P>
    <P Name="SourceBlock">spsMosfetLib/Mosfet</P>
    <P Name="SourceType">Mosfet</P>
    <InstanceData>
      <P Name="RTWMemSecFuncInitTerm">Inherit from model</P>
      <P Name="RTWMemSecFuncExecute">Inherit from model</P>
      <P Name="RTWMemSecDataConstants">Inherit from model</P>
      <P Name="RTWMemSecDataInternal">Inherit from model</P>
      <P Name="RTWMemSecDataParameters">Inherit from model</P>
      <P Name="ContentPreviewEnabled">on</P>
      <P Name="Ron">0.1</P>
      <P Name="Lon">0</P>
      <P Name="Rd">0.01</P>
      <P Name="Vfd">0</P>
      <P Name="IC">0</P>
      <P Name="Rs">1e5</P>
      <P Name="Cs">inf </P>
      <P Name="Measurements">on</P>
    </InstanceData>
  </Block>
  <Block BlockType="Scope" Name="Scope" SID="19">
    <PortCounts in="3"/>
    <P Name="Position">[240, 188, 270, 222]</P>
    <P Name="ZOrder">5908</P>
    <P Name="ScopeSpecificationString">Simulink.scopes.TimeScopeBlockCfg(&apos;CurrentConfiguration&apos;, extmgr.ConfigurationSet(extmgr.Configuration(&apos;Core&apos;,&apos;General UI&apos;,true),extmgr.Configuration(&apos;Core&apos;,&apos;Source UI&apos;,true),extmgr.Configuration(&apos;Sources&apos;,&apos;WiredSimulink&apos;,true),extmgr.Configuration(&apos;Visuals&apos;,&apos;Time Domain&apos;,true,&apos;SerializedDisplays&apos;,{struct(&apos;MinYLimReal&apos;,&apos;9.31063&apos;,&apos;MaxYLimReal&apos;,&apos;65.63215&apos;,&apos;YLabelReal&apos;,&apos;&apos;,&apos;MinYLimMag&apos;,&apos;9.31063&apos;,&apos;MaxYLimMag&apos;,&apos;65.63215&apos;,&apos;LegendVisibility&apos;,&apos;On&apos;,&apos;XGrid&apos;,true,&apos;YGrid&apos;,true,&apos;PlotMagPhase&apos;,false,&apos;AxesColor&apos;,[0 0 0],&apos;AxesTickColor&apos;,[0.686274509803922 0.686274509803922 0.686274509803922],&apos;ColorOrder&apos;,[1 1 0.0666666666666667;0.0745098039215686 0.623529411764706 1;1 0.411764705882353 0.16078431372549;0.392156862745098 0.831372549019608 0.0745098039215686;0.717647058823529 0.274509803921569 1;0.0588235294117647 1 1;1 0.0745098039215686 0.650980392156863],&apos;Title&apos;,&apos;%&lt;SignalLabel&gt;&apos;,&apos;LinePropertiesCache&apos;,{{}},&apos;UserDefinedChannelNames&apos;,{{}},&apos;NumLines&apos;,3,&apos;LineNames&apos;,{{&apos;&lt;SOC (%)&gt;&apos;,&apos;&lt;SOC (%)&gt;&apos;,&apos;&lt;SOC (%)&gt;&apos;}},&apos;ShowContent&apos;,true,&apos;Placement&apos;,1)},&apos;DisplayPropertyDefaults&apos;,struct(&apos;MinYLimReal&apos;,&apos;9.31063&apos;,&apos;MaxYLimReal&apos;,&apos;65.63215&apos;,&apos;YLabelReal&apos;,&apos;&apos;,&apos;MinYLimMag&apos;,&apos;9.31063&apos;,&apos;MaxYLimMag&apos;,&apos;65.63215&apos;,&apos;LegendVisibility&apos;,&apos;On&apos;,&apos;XGrid&apos;,true,&apos;YGrid&apos;,true,&apos;PlotMagPhase&apos;,false,&apos;AxesColor&apos;,[0 0 0],&apos;AxesTickColor&apos;,[0.686274509803922 0.686274509803922 0.686274509803922],&apos;ColorOrder&apos;,[0.0745098039215686 0.623529411764706 1;1 0.411764705882353 0.16078431372549;1 1 0.0666666666666667;0.717647058823529 0.274509803921569 1;0.392156862745098 0.831372549019608 0.0745098039215686;0.0588235294117647 1 1;1 0.0745098039215686 0.650980392156863])),extmgr.Configuration(&apos;Tools&apos;,&apos;Plot Navigation&apos;,true),extmgr.Configuration(&apos;Tools&apos;,&apos;Measurements&apos;,true,&apos;Version&apos;,&apos;2023a&apos;)),&apos;Version&apos;,&apos;2023a&apos;,&apos;Position&apos;,[1 49 1536 740.8],&apos;VisibleAtModelOpen&apos;,&apos;on&apos;)</P>
    <P Name="NumInputPorts">3</P>
    <P Name="Floating">off</P>
  </Block>
  <Block BlockType="Scope" Name="Scope1" SID="20">
    <PortCounts in="3"/>
    <P Name="Position">[240, 338, 270, 372]</P>
    <P Name="ZOrder">5909</P>
    <P Name="ScopeSpecificationString">Simulink.scopes.TimeScopeBlockCfg(&apos;CurrentConfiguration&apos;, extmgr.ConfigurationSet(extmgr.Configuration(&apos;Core&apos;,&apos;General UI&apos;,true),extmgr.Configuration(&apos;Core&apos;,&apos;Source UI&apos;,true),extmgr.Configuration(&apos;Sources&apos;,&apos;WiredSimulink&apos;,true,&apos;DataLoggingVariableName&apos;,&apos;ScopeData1&apos;),extmgr.Configuration(&apos;Visuals&apos;,&apos;Time Domain&apos;,true),extmgr.Configuration(&apos;Tools&apos;,&apos;Plot Navigation&apos;,true),extmgr.Configuration(&apos;Tools&apos;,&apos;Measurements&apos;,true)),&apos;Version&apos;,&apos;2023a&apos;)</P>
    <P Name="NumInputPorts">3</P>
    <P Name="Floating">off</P>
  </Block>
  <Block BlockType="Reference" Name="Series RLC Branch" SID="10">
    <PortCounts lconn="1" rconn="1"/>
    <P Name="Position">[1076, 115, 1104, 170]</P>
    <P Name="ZOrder">5899</P>
    <P Name="BlockRotation">270</P>
    <P Name="BlockMirror">on</P>
    <P Name="NameLocation">left</P>
    <P Name="LibrarySourceBlock">sps_lib/Passives/Series RLC Branch</P>
    <P Name="LibraryVersion">5.0</P>
    <P Name="SourceBlock">spsSeriesRLCBranchLib/Series RLC Branch</P>
    <P Name="SourceType">Series RLC Branch</P>
    <InstanceData>
      <P Name="LConnTagsString">__new0</P>
      <P Name="RConnTagsString">__new0</P>
      <P Name="BranchType">R</P>
      <P Name="Resistance">3</P>
      <P Name="Inductance">1e-3</P>
      <P Name="SetiL0">off</P>
      <P Name="InitialCurrent">0</P>
      <P Name="Capacitance">1e-6</P>
      <P Name="Setx0">off</P>
      <P Name="InitialVoltage">0</P>
      <P Name="Measurements">None</P>
    </InstanceData>
  </Block>
  <Block BlockType="Reference" Name="Series RLC Branch1" SID="11">
    <PortCounts lconn="1" rconn="1"/>
    <P Name="Position">[1076, 240, 1104, 295]</P>
    <P Name="ZOrder">5900</P>
    <P Name="BlockRotation">270</P>
    <P Name="BlockMirror">on</P>
    <P Name="NameLocation">left</P>
    <P Name="LibrarySourceBlock">sps_lib/Passives/Series RLC Branch</P>
    <P Name="LibraryVersion">5.0</P>
    <P Name="SourceBlock">spsSeriesRLCBranchLib/Series RLC Branch</P>
    <P Name="SourceType">Series RLC Branch</P>
    <InstanceData>
      <P Name="LConnTagsString">__new0</P>
      <P Name="RConnTagsString">__new0</P>
      <P Name="BranchType">R</P>
      <P Name="Resistance">3</P>
      <P Name="Inductance">1e-3</P>
      <P Name="SetiL0">off</P>
      <P Name="InitialCurrent">0</P>
      <P Name="Capacitance">1e-6</P>
      <P Name="Setx0">off</P>
      <P Name="InitialVoltage">0</P>
      <P Name="Measurements">None</P>
    </InstanceData>
  </Block>
  <Block BlockType="Reference" Name="Series RLC Branch2" SID="12">
    <PortCounts lconn="1" rconn="1"/>
    <P Name="Position">[1076, 380, 1104, 435]</P>
    <P Name="ZOrder">5901</P>
    <P Name="BlockRotation">270</P>
    <P Name="BlockMirror">on</P>
    <P Name="NameLocation">left</P>
    <P Name="LibrarySourceBlock">sps_lib/Passives/Series RLC Branch</P>
    <P Name="LibraryVersion">5.0</P>
    <P Name="SourceBlock">spsSeriesRLCBranchLib/Series RLC Branch</P>
    <P Name="SourceType">Series RLC Branch</P>
    <InstanceData>
      <P Name="LConnTagsString">__new0</P>
      <P Name="RConnTagsString">__new0</P>
      <P Name="BranchType">R</P>
      <P Name="Resistance">3</P>
      <P Name="Inductance">1e-3</P>
      <P Name="SetiL0">off</P>
      <P Name="InitialCurrent">0</P>
      <P Name="Capacitance">1e-6</P>
      <P Name="Setx0">off</P>
      <P Name="InitialVoltage">0</P>
      <P Name="Measurements">None</P>
    </InstanceData>
  </Block>
  <Block BlockType="Reference" Name="powergui" SID="37">
    <PortCounts/>
    <P Name="Position">[-170, 25, -89, 64]</P>
    <P Name="ZOrder">5926</P>
    <P Name="Priority">1</P>
    <P Name="LibraryVersion">*12</P>
    <P Name="FontSize">14</P>
    <P Name="SourceBlock">sps_lib/powergui</P>
    <P Name="SourceType">PSB option menu block</P>
    <InstanceData>
      <P Name="RTWMemSecFuncInitTerm">Inherit from model</P>
      <P Name="RTWMemSecFuncExecute">Inherit from model</P>
      <P Name="RTWMemSecDataConstants">Inherit from model</P>
      <P Name="RTWMemSecDataInternal">Inherit from model</P>
      <P Name="RTWMemSecDataParameters">Inherit from model</P>
      <P Name="ContentPreviewEnabled">on</P>
      <P Name="SimulationMode">Continuous</P>
      <P Name="SampleTime">50e-6</P>
      <P Name="frequency">60</P>
      <P Name="Iterations">50</P>
      <P Name="frequencyindice">0</P>
      <P Name="Pbase">100e6</P>
      <P Name="ErrMax">1e-4</P>
      <P Name="UnitsV">kV</P>
      <P Name="UnitsW">MW</P>
      <P Name="buscounter">0</P>
      <P Name="FunctionMessages">off</P>
      <P Name="echomessages">off</P>
      <P Name="EnableUseOfTLC">off</P>
      <P Name="CurrentSourceSwitches">off</P>
      <P Name="DisableSnubberDevices">off</P>
      <P Name="DisableRonSwitches">off</P>
      <P Name="DisableVfSwitches">off</P>
      <P Name="DisplayEquations">off</P>
      <P Name="AutomaticDiscreteSolvers">off</P>
      <P Name="SolverType">Tustin/Backward Euler (TBE)</P>
      <P Name="Interpol">off</P>
      <P Name="ExternalGateDelay">off</P>
      <P Name="methode">off</P>
      <P Name="Ts">100</P>
      <P Name="x0status">blocks</P>
      <P Name="SPID">on</P>
      <P Name="SwTol">0</P>
      <P Name="HookPort">off</P>
      <P Name="NonlinearTolerance">1e-4</P>
      <P Name="nMaxIteration">100</P>
      <P Name="ContinueOnMaxIteration">off</P>
      <P Name="RestoreLinks">warning</P>
      <P Name="ResistiveCurrentMeasurement">off</P>
      <P Name="Frange">[0:2:500]</P>
      <P Name="Ylog">off</P>
      <P Name="Xlog">on</P>
      <P Name="ShowGrid">off</P>
      <P Name="save">off</P>
      <P Name="variable">ZData</P>
      <P Name="structure">0</P>
      <P Name="ZoomFFT">off</P>
      <P Name="StartTime">0.0</P>
      <P Name="cycles">1</P>
      <P Name="DisplayStyle">1</P>
      <P Name="fundamental">60</P>
      <P Name="FreqAxis">off</P>
      <P Name="MaxFrequency">1000</P>
      <P Name="frequencyindicesteady">1</P>
      <P Name="RmsSteady">1</P>
      <P Name="display">off</P>
    </InstanceData>
  </Block>
  <Line LineType="Connection">
    <P Name="ZOrder">1</P>
    <P Name="Src">1#lconn:2</P>
    <P Name="Points">[0, 0]</P>
    <Branch ConnectType="DEST_SRC">
      <P Name="Points">[0, 67]</P>
      <Branch ConnectType="DEST_DEST">
        <P Name="Src">11#lconn:1</P>
        <P Name="Points">[0, 2; -345, 0]</P>
      </Branch>
      <Branch ConnectType="DEST_SRC">
        <P Name="Dst">2#lconn:1</P>
      </Branch>
    </Branch>
    <Branch ConnectType="DEST_DEST">
      <P Name="Src">4#rconn:1</P>
      <P Name="Points">[-105, 0; 0, 30]</P>
    </Branch>
  </Line>
  <Line LineType="Connection">
    <P Name="ZOrder">2</P>
    <P Name="Src">2#lconn:2</P>
    <P Name="Points">[0, 0]</P>
    <Branch ConnectType="DEST_DEST">
      <P Name="Src">7#rconn:1</P>
      <P Name="Points">[-110, 0]</P>
    </Branch>
    <Branch ConnectType="DEST_SRC">
      <P Name="Points">[0, 58]</P>
      <Branch ConnectType="DEST_DEST">
        <P Name="Src">12#lconn:1</P>
        <P Name="Points">[0, 16; 0, -28; -345, 0]</P>
      </Branch>
      <Branch ConnectType="DEST_SRC">
        <P Name="Dst">3#lconn:1</P>
      </Branch>
    </Branch>
  </Line>
  <Line LineType="Connection">
    <P Name="ZOrder">3</P>
    <P Name="Src">1#lconn:1</P>
    <P Name="Points">[60, 0; 0, -29; 285, 0; 0, 25]</P>
    <P Name="Dst">10#lconn:1</P>
  </Line>
  <Line LineType="Connection">
    <P Name="ZOrder">4</P>
    <P Name="Src">10#rconn:1</P>
    <P Name="Points">[0, -16; 0, 25; -134, 0; 0, -64]</P>
    <P Name="Dst">4#lconn:1</P>
  </Line>
  <Line LineType="Connection">
    <P Name="ZOrder">10</P>
    <P Name="Src">11#rconn:1</P>
    <P Name="Points">[0, 9; -74, 0; 0, -24]</P>
    <P Name="Dst">7#lconn:1</P>
  </Line>
  <Line LineType="Connection">
    <P Name="ZOrder">15</P>
    <P Name="Src">12#rconn:1</P>
    <P Name="Points">[0, 9; -44, 0; 0, -59]</P>
    <P Name="Dst">8#lconn:1</P>
  </Line>
  <Line LineType="Connection">
    <P Name="ZOrder">16</P>
    <P Name="Src">8#rconn:1</P>
    <P Name="Points">[-37, 0; 0, 30]</P>
    <P Name="Dst">3#lconn:2</P>
  </Line>
  <Line>
    <P Name="ZOrder">18</P>
    <P Name="Src">1#out:1</P>
    <P Name="Dst">13#in:1</P>
  </Line>
  <Line>
    <P Name="ZOrder">19</P>
    <P Name="Src">2#out:1</P>
    <P Name="Dst">14#in:1</P>
  </Line>
  <Line>
    <P Name="ZOrder">20</P>
    <P Name="Src">3#out:1</P>
    <P Name="Dst">15#in:1</P>
  </Line>
  <Line>
    <P Name="Name">&lt;SOC (%)&gt;</P>
    <P Name="ZOrder">22</P>
    <P Name="Labels">[0, 0]</P>
    <P Name="Src">13#out:1</P>
    <P Name="Points">[-63, 0]</P>
    <Branch>
      <P Name="ZOrder">36</P>
      <P Name="Points">[0, -70]</P>
      <P Name="Dst">23#in:1</P>
    </Branch>
    <Branch>
      <P Name="ZOrder">35</P>
      <P Name="Points">[-26, 0; 0, 31]</P>
      <Branch>
        <P Name="ZOrder">29</P>
        <P Name="Points">[-145, 0; 0, -21]</P>
        <P Name="Dst">16#in:1</P>
      </Branch>
      <Branch>
        <P Name="ZOrder">28</P>
        <P Name="Points">[0, 69; -258, 0; 0, -15]</P>
        <P Name="Dst">19#in:3</P>
      </Branch>
    </Branch>
  </Line>
  <Line>
    <P Name="Name">&lt;SOC (%)&gt;</P>
    <P Name="ZOrder">23</P>
    <P Name="Labels">[0, 0]</P>
    <P Name="Src">14#out:1</P>
    <P Name="Points">[-10, 0]</P>
    <Branch>
      <P Name="ZOrder">38</P>
      <P Name="Points">[0, -60]</P>
      <P Name="Dst">24#in:1</P>
    </Branch>
    <Branch>
      <P Name="ZOrder">37</P>
      <P Name="Points">[-48, 0; 0, -14]</P>
      <Branch>
        <P Name="ZOrder">31</P>
        <P Name="Points">[-176, 0; 0, 24]</P>
        <P Name="Dst">17#in:1</P>
      </Branch>
      <Branch>
        <P Name="ZOrder">30</P>
        <P Name="Points">[0, -75; -296, 0; 0, 29]</P>
        <P Name="Dst">19#in:2</P>
      </Branch>
    </Branch>
  </Line>
  <Line>
    <P Name="Name">&lt;SOC (%)&gt;</P>
    <P Name="ZOrder">24</P>
    <P Name="Labels">[0, 0]</P>
    <P Name="Src">15#out:1</P>
    <P Name="Points">[-12, 0]</P>
    <Branch>
      <P Name="ZOrder">40</P>
      <P Name="Points">[0, -60]</P>
      <P Name="Dst">25#in:1</P>
    </Branch>
    <Branch>
      <P Name="ZOrder">39</P>
      <P Name="Points">[-45, 0; 0, -19; -165, 0]</P>
      <Branch>
        <P Name="ZOrder">34</P>
        <P Name="Points">[0, 29]</P>
        <P Name="Dst">18#in:1</P>
      </Branch>
      <Branch>
        <P Name="ZOrder">33</P>
        <P Name="Points">[-142, 0; 0, -186]</P>
        <P Name="Dst">19#in:1</P>
      </Branch>
    </Branch>
  </Line>
  <Line>
    <P Name="Name">&lt;Current (A)&gt;</P>
    <P Name="ZOrder">25</P>
    <P Name="Labels">[0, 0]</P>
    <P Name="Src">13#out:2</P>
    <P Name="Points">[-27, 0; 0, 91; -324, 0; 0, 104]</P>
    <P Name="Dst">20#in:1</P>
  </Line>
  <Line>
    <P Name="Name">&lt;Current (A)&gt;</P>
    <P Name="ZOrder">26</P>
    <P Name="Labels">[0, 0]</P>
    <P Name="Src">14#out:2</P>
    <P Name="Points">[-57, 0; 0, 29; -331, 0; 0, 51]</P>
    <P Name="Dst">20#in:3</P>
  </Line>
  <Line>
    <P Name="Name">&lt;Current (A)&gt;</P>
    <P Name="ZOrder">27</P>
    <P Name="Labels">[0, 0]</P>
    <P Name="Src">15#out:2</P>
    <P Name="Points">[-26, 0; 0, -32; -327, 0; 0, -33]</P>
    <P Name="Dst">20#in:2</P>
  </Line>
  <Line>
    <P Name="ZOrder">41</P>
    <P Name="Src">28#out:1</P>
    <P Name="Dst">22#in:2</P>
  </Line>
  <Line>
    <P Name="ZOrder">42</P>
    <P Name="Src">27#out:1</P>
    <P Name="Points">[20, 0; 0, 55]</P>
    <P Name="Dst">22#in:1</P>
  </Line>
  <Line>
    <P Name="ZOrder">43</P>
    <P Name="Src">29#out:1</P>
    <P Name="Points">[20, 0; 0, -55]</P>
    <P Name="Dst">22#in:3</P>
  </Line>
  <Line>
    <P Name="ZOrder">44</P>
    <P Name="Src">22#out:1</P>
    <P Name="Points">[15, 0; 0, -40]</P>
    <Branch>
      <P Name="ZOrder">54</P>
      <P Name="Points">[0, -155]</P>
      <P Name="Dst">38#in:1</P>
    </Branch>
    <Branch>
      <P Name="ZOrder">53</P>
      <P Name="Dst">31#in:1</P>
    </Branch>
  </Line>
  <Line>
    <P Name="ZOrder">45</P>
    <P Name="Src">22#out:2</P>
    <P Name="Points">[25, 0]</P>
    <Branch>
      <P Name="ZOrder">51</P>
      <P Name="Points">[0, -160]</P>
      <P Name="Dst">39#in:1</P>
    </Branch>
    <Branch>
      <P Name="ZOrder">50</P>
      <P Name="Dst">32#in:1</P>
    </Branch>
  </Line>
  <Line>
    <P Name="ZOrder">46</P>
    <P Name="Src">22#out:3</P>
    <P Name="Points">[15, 0; 0, 40; 21, 0]</P>
    <Branch>
      <P Name="ZOrder">61</P>
      <P Name="Points">[0, -165]</P>
      <P Name="Dst">40#in:1</P>
    </Branch>
    <Branch>
      <P Name="ZOrder">60</P>
      <P Name="Dst">33#in:1</P>
    </Branch>
  </Line>
  <Line>
    <P Name="ZOrder">47</P>
    <P Name="Src">36#out:1</P>
    <P Name="Dst">7#in:1</P>
  </Line>
  <Line>
    <P Name="ZOrder">48</P>
    <P Name="Src">35#out:1</P>
    <P Name="Dst">8#in:1</P>
  </Line>
  <Line>
    <P Name="ZOrder">49</P>
    <P Name="Src">34#out:1</P>
    <P Name="Dst">4#in:1</P>
  </Line>
</System>
